1991899913,B
1894243158,B
0765427238,B
1174251463,B
1583075688,B
1081220575,B
0263572125,B
0672396350,B
0145252100,B
1485418933,B
0000322837,B
0817325613,B
0817971287,B
0409147062,B
0408501388,B
0993794927,B
0598408174,B
1045911993,B
1580481014,B
0976832948,B
1437362759,B
1442297586,B
1378571470,B
1833823623,B
0845789210,B
0404464591,B
0633358221,B
0478978708,B
0025855404,B
0848324317,B
0024416435,B
0849877650,B
0261562959,B
0650444747,B
0810839163,B
1667411736,B
1758201524,B
0497024879,B
0005988238,B
1415366744,B
1230946673,B
2013639854,B
1075812849,B
0578596906,B
0790256779,B
0206876915,B
1836033708,B
0644586351,B
0767436404,B
0135343256,B
0437654865,B
1448780524,B
2049919728,B
0563898256,B
0173056877,B
0162268876,B
0795191606,B
0088200654,B
1884936627,B
0606683095,B
1660022295,B
1278529948,B
1562167181,B
1822654702,B
1258701875,B
1848472340,B
0655819703,B
0085471053,B
1258696653,B
1091129419,B
1060805239,B
1256411297,B
1165781588,B
0000694518,B
0421317428,B
2102145936,B
1371888714,B
1029384921,B
0427175824,B
1000477683,B
1720767953,B
0606620374,B
0619852301,B
0211028076,B
1028676526,B
0197796149,B
0804824260,B
1188183861,B
1467784237,B
1405903348,B
0239850566,B
1495848399,B
0604397739,B
1669980714,B
0855421864,B
1851007447,B
1109941847,B
1364693869,B
0088446289,B
1430374354,B
2083854130,B
0199297839,B
0040748650,B
0394561066,B
0995124754,B
2043660296,B
0829511889,B
1001189590,B
1009111497,B
0826205666,B
1627332266,B
1037197686,B
0869814865,B
2037670731,B
1970991406,B
1022548969,B
1977056242,B
1393579080,B
0990705327,B
0176146477,B
0335385546,B
1526024242,B
1419705678,B
0046813486,B
1407342317,B
2065756920,B
0681175185,B
1866129421,B
0385543021,B
1636350311,B
0629583963,B
0388827217,B
1468093197,B
1984869007,B
0855828122,B
0727551530,B
1074991800,B
1203609573,B
1206144680,B
1922655470,B
0437323878,B
1756550893,B
0825846773,B
0649005778,B
1819587129,B
1011071088,B
1632570831,B
2070285489,B
0674724026,B
1249753879,B
0984336753,B
1242533696,B
1785767091,B
0867529509,B
1058138963,B
1253652684,B
1390820467,B
0430900149,B
0439609234,B
0166797445,B
1476112402,B
0600693530,B
1852560780,B
1691362120,B
1176260629,B
1039847157,B
2038750807,B
0852521899,B
0794676206,B
0653111023,B
1022989098,B
1254282448,B
0584530573,B
2061952102,B
1355561460,B
2077838869,B
1260190419,B
1669014644,B
1808304202,B
1399479977,B
2091716470,B
1794426601,B
1385602376,B
1682892245,B
0976778151,B
0779304839,B
0038343611,B
0370480614,B
0851366194,B
0447167836,B
2025940494,B
1451378352,B
1208292044,B
1617116269,B
1860202577,B
0949022949,B
1908120759,B
1569198087,B
1503922401,B
1978022312,B
1160373862,B
2039818095,B
1437500751,B
1846324976,B
0131374499,B
1095098176,B
0540198724,B
0686273951,B
0277449726,B
1696769846,B
2105594071,B
1292571488,B
1371724775,B
1780549000,B
1596953289,B
1471541332,B
1188129064,B
2005777514,B
1880365557,B
0356603013,B
0052221212,B
0869869662,B
1274068020,B
0461045437,B
0066098813,B
0474923038,B
0342725412,B
0751549637,B
0883747263,B
1468672106,D
0624200235,D
0463021011,D
1168319315,D
0323847444,D
0084976781,D
1967006666,D
1483488759,D
1792881622,D
1657613803,D
0031329939,D
0813141932,D
0948409751,D
1684437224,D
1766058201,D
0839965353,D
0004506518,D
0848978389,D
1693450260,D
1630790382,D
0786318511,D
0566408947,D
2039614607,D
0278062924,D
1122534795,D
1410880818,D
0902625231,D
0304886345,D
1149358216,D
0058153360,D
1993830087,D
0944022582,D
0454489396,D
1788494453,D
1397962034,D
0480882222,D
0363589649,D
0962314388,D
0436197590,D
0027373365,D
0871845236,D
2079356812,D
1371138613,D
0454058801,D
0045234576,D
1734178318,D
0889706447,D
1298530672,D
1348033068,D
0503561197,D
1548422250,D
1473567732,D
1976927693,D
0266056156,D
1132455822,D
0629095861,D
1311741482,G
1041253119,G
2141772371,G
1398115606,G
1059337844,G
1546469840,G
1573665961,G
0364671064,G
1239482271,G
1905111528,G
0074464995,G
1122303549,G
1441693361,G
2142915824,G
0611031279,G
1657431482,G
0051627946,G
0350674765,G
1199886454,G
1342443659,G
1755080908,G
1679233405,G
1990844392,G
0043822322,G
0879058291,G
1648025582,G
0273288643,G
1065893527,G
0644842193,G
0378856087,G
0448789073,G
0539795068,G
1037556500,G
1851566302,G
1007489583,G
0928136024,G
1625296860,G
1221817991,G
0315593331,G
1637746481,G
2021755164,G
0894434145,G
2020829073,G
0504266784,G
0386661711,G
0756459280,G
0586411450,G
1168699210,G
1363399180,G
1031926908,G
0017161587,G
1275516595,G
0830906649,G
1044011915,G
1526784839,G
1306489024,G
1952039540,G
1690627321,G
0554168501,G
0844294487,G
1456034089,G
0044857448,G
0337477490,G
0629886390,G
1108259872,G
1101772146,G
0118634699,G
0538545127,G
1415032626,G
1828622765,G
0432712943,G
0476882647,G
0295170255,G
1987100395,G
0949809041,G
1024386024,G
0751094428,G
0292649794,G
0443309674,G
0520675217,G
0864717563,G
0725439473,G
0950864746,G
1324573749,G
2051316041,G
1337664536,G
0164685931,G
1022865437,G
1112289188,G
0689452527,G
1744484177,G
0379891213,G
1207477263,G
1225406283,G
1831331636,G
0537489422,G
1301521885,G
0854358773,G
1869921673,G
0395158032,G
1525594008,G
0852838186,G
0556582474,G
0192176556,G
1061185727,G
1847990136,G
0288905797,G
1877441978,G
1444511267,G
0514545885,G
0404531621,G
1556613815,G
1234137998,G
0089156058,G
2060424890,G
0114811013,G
1072272926,G
1019121440,G
1223885696,G
1026959769,G
1778295091,G
1517835762,G
0956209019,G
0123387023,G
0171221035,G
1436726222,G
0430751726,G
1847477876,G
0619607289,G
1408497522,G
0070720998,G
1955998352,G
1096380495,G
0342492007,G
0957352472,G
0359656547,G
1866177676,G
1235785652,G
1759310366,G
0363718174,G
1752289801,G
1490642188,G
0568482430,G
0049845166,G
0190420575,G
0048919075,G
1538684795,G
1466690324,G
1135691387,G
0123413822,G
0881363937,G
1047808802,G
1142226491,G
0014343681,G
0114655308,G
1477260256,G
0453433070,G
1008524709,G
2027337378,G
0517410681,G
0046127968,G
0084168340,G
1029400541,G
0565691323,G
0639233180,G
1679471440,G
1749984155,G
0715566144,G
0937773959,G
1957539518,G
0866467544,G
1498447812,G
0928374059,G
1672698301,G
0617080922,G
0379011792,G
1453242982,G
0541315655,G
2052586561,G
0758555623,G
1210424169,G
1355034406,G
2041989830,G
0151175093,G
1194919315,G
0693413886,G
1880253664,G
0827427392,G
1227602894,G
1502191809,G
0791331411,G
2015220060,G
0485858523,G
1907976324,G
0703448826,G
2133616412,G
1230420800,G
0505219674,G
0226913561,G
1507774023,G
1638996422,G
0740815327,G
0883837414,G
0464982691,G
0770455579,G
1698197551,G
1068684634,G
0672538054,G
0263962432,G
1773962818,G
1370016520,G
1134494556,G
1189310302,G
0967976002,G
1654263241,G
0526333541,G
1556054665,G
2139198626,G
1022838638,G
1474469149,G
0825562376,G
0286114690,G
1467934045,G
1142538215,G
1011315816,G
1089872190,G
2106131787,G
0090750334,G
0753885535,G
1558290107,G
1773009928,G
0642024287,G
0955858684,G
1680186295,G
0848059063,G
1783289029,G
0139030976,G
1101989508,G
0244283431,G
0035219513,G
0086364951,G
1956613427,G
1078084534,G
0328178078,G
1212098040,G
1335514815,G
0166441912,G
1277192887,G
1265643266,G
1326114915,G
0219107937,G
0047648555,G
1548011006,G
0111864201,G
1062387565,G
0043263172,G
0478052899,G
1131629760,G
1005421878,G
2031081375,G
1600677031,G
2118322794,G
0346586339,G
1201501309,G
1830061116,G
1886788768,G
1362122703,G
0117358222,G
1127406259,G
0307781750,G
1552546231,G
0801448850,G
0443315631,G
2046213331,G
1688080112,G
1621073359,G
0868455603,G
0376308878,G
2144266321,A
1305297323,A
1727999149,A
1939350062,A
1516648236,A
0536415663,A
0113713837,A
0097637076,A
0308987989,A
0325064750,A
1897318606,A
1474616780,A
2108669519,A
1974946864,A
1685967693,A
1189158861,A
1823211600,A
1611860687,A
1400509774,A
0977807948,A
0010997581,A
0433699407,A
0222348494,A
0343755209,A
2094906282,A
1777359188,A
1143306449,A
1354657362,A
1566008275,A
1988710101,A
1127367795,A
1338718708,A
0704665969,A
0493315056,A
0916016882,A
0910688494,A
1333390320,A
1756092146,A
1122039407,A
1544741233,A
1959939254,A
1912326216,A
1748588341,A
2123677129,A
1557573426,A
1385502164,A
1174151251,A
1808203990,A
2132010516,A
1596853077,A
1082759756,A
1505461582,A
1294110669,A
0660057930,A
0871408843,A
1504217209,A
1715568122,A
0870164470,A
1081515383,A
1292866296,A
1379242732,A
1926919035,A
2013295471,A
1801944558,A
1590593645,A
0878912648,A
0312808945,A
0667561735,A
1090263561,A
1512965387,A
1724316300,A
1301614474,A
2147018126,A
1935667213,A
0111137254,A
1036907344,A
0682154554,A
1459609170,A
1248258257,A
0426195602,A
0214844689,A
0637546515,A
1060248341,A
0848897428,A
1794440753,A
1160388014,A
1583089840,A
2145773753,A
1371738927,A
1001148945,A
0578447119,A
0367096206,A
0789798032,A
1355901735,A
0314984362,A
0103633449,A
0107717464,A
0462470254,A
0673821167,A
0570943314,A
0359592401,A
0148241488,A
1137047017,A
0782294227,A
1348397930,A
1771099756,A
1982450669,A
1559748843,A
1678463888,A
0901009272,A
1255762062,A
1467112975,A
1889814801,A
0766457035,A
0555106122,A
1086442605,A
1297793518,A
0663740779,A
0875091692,A
1509144431,A
1924342452,A
1947923018,A
1712991539,A
2135693365,A
1501640626,A
0535346512,A
0323995599,A
1101450215,A
0746697425,A
1261649072,H
1096657491,H
1121100462,H
0956108881,H
0815560271,H
1237206101,H
0980551852,H
0840003242,H
1377754711,H
0949532045,H
1127677298,H
1268225908,H
1371177875,H
0846580078,H
1090080655,H
0987128688,H
1230629265,H
1408774518,H
0877599885,H
0808983435,H
1199609458,H
1340158068,H
0344260757,H
1858770937,H
1797849049,H
1554834461,H
1926723269,H
1718747037,H
0880256536,H
0345554317,H
0320271394,H
1507345272,H
1010679484,H
1227541612,H
1120208287,H
1595314559,H
2135753722,H
1643114076,H
1213933079,H
1002531314,H
1770370648,H
2044296763,H
0627244553,H
0616584410,H
0878452086,H
1218592211,H
0694568696,H
1257267859,H
2041576575,H
0137700125,H
0888990189,H
0929975010,H
0319153668,H
0164687623,H
1972293501,H
0150015098,H
0811793314,H
1423099392,H
0562168256,H
0282989993,H
0246582178,H
1151945251,H
1181170149,H
1023465433,H
1822014246,H
1130210436,H
1049168302,H
0887492431,H
1189716912,H
1028041041,H
1330265522,H
0460960665,H
1416573089,H
1514556351,H
0336133940,H
1749766844,H
0785432639,H
0605543010,H
1663051143,H
1939078216,H
0120544019,H
0460820004,H
0634818268,H
1405964639,H
1935536810,H
1266081400,H
0715556549,H
0410454780,H
1301255616,H
2052585594,H
0811127943,H
1616389339,H
1554640066,H
1585854268,H
1134306357,H
0206123433,H
0536292317,H
0277077275,H
0552761699,H
0948639870,H
1615077218,H
0591423587,H
1258036709,H
0677021562,H
1197599557,H
1283197532,H
0987303706,H
0725157501,H
1369348609,H
0129357560,H
0682934280,H
0308581818,H
1472784059,H
2059616038,H
1805544864,H
0212525688,H
1112060117,H
0919578994,H
0143397095,H
1505238087,H
0128239834,H
1848685249,H
0788152827,H
1195033850,H
0590992585,H
1146156581,H
0687397591,H
2063157444,H
1717629311,H
0517715750,H
0590952611,H
0946444392,H
1031807998,H
1439969343,H
1972958872,H
1575930594,H
0358987016,H
2029908352,H
1245128720,H
0038056448,H
1584542147,H
1814318431,H
0790664800,H
0724995487,H
0491355075,H
0817530198,H
1353363963,H
0558538557,H
1134165696,H
0724510751,H
0729742912,H
0003966211,H
1185949955,H
1126610542,H
0066005825,H
1522502533,H
1752642879,H
0990392175,H
1750413594,H
0540641121,H
1664996254,H
0012308776,H
0168073182,H
1143119898,H
0992822022,H
0021082343,H
0574643877,H
0794658561,H
0874950654,H
2118166614,H
0360064768,H
1477443191,H
1222830694,H
1693586214,H
0879609786,H
0209624865,H
1840590813,H
0725588503,H
1686084794,H
1414738206,H
1555467451,H
1493287176,H
1073560303,H
1338328802,H
1067647585,H
2138790405,H
0797695244,H
1327650038,H
1163583041,H
0640030502,H
1622650933,H
1738038720,H
1419397338,H
1626334366,H
0972753281,H
0144514821,H
0463249851,H
1284315258,H
0928176727,H
0636562817,H
0512914591,H
1067122875,H
1878156328,H
1579276179,H
2066625129,H
0268123073,H
1175393291,H
1997770819,H
0896725918,H
0737278079,H
0297378404,H
1765711516,H
0281555772,H
0388835363,H
1260304542,H
1873375096,H
0795323932,H
0900193603,H
0093678621,H
0164565523,H
0531813820,H
1384383770,H
1092890534,H
0373537441,H
1077538878,H
0312575579,H
1653670740,H
0422285017,H
0973922793,H
2025107193,H
1950752606,H
1811281748,H
0080750645,H
0578637638,H
0286214904,H
0809874357,H
0521922527,H
1001453562,H
1891589027,H
2074967694,H
2074198844,H
0725447842,H
0539329000,H
0065574823,H
1888047621,H
1123910341,H
1978871590,H
0368587968,H
0206748830,H
1484473635,H
1506033151,H
2093059525,H
1850604206,H
1543024211,H
0505272510,H
0764304125,H
0510685306,H
1721623072,H
0899386205,H
1331804447,H
0564436089,H
1593065347,H
1687256254,H
0252925898,H
0753695675,H
1563123292,H
0160028491,H
0381826272,H
0654634661,H
0171380219,H
0987355492,H
0329225596,H
1172356608,H
1345668148,H
1595745561,H
1564765728,H
2072596382,H
1863430069,H
0960994817,H
1647409146,H
1944310377,H
1033120119,H
1472299323,H
1164208438,H
0538075414,H
1397816469,H
0259349506,H
1011396641,H
0866137113,H
0962597279,H
1639767065,H
1536621956,H
0950422967,H
0883293219,H
2064235196,H
0258231780,H
1516805563,H
1056404197,H
0920656746,H
0157516518,H
1406630010,H
0139929410,H
0067317946,H
0634171518,H
1189943716,H
1088110728,H
0112539302,H
0034986018,H
2073243132,H
1277226279,H
0775993701,H
0392867672,H
1675568104,H
2021565787,H
0483497246,H
0125378985,H
1383071649,H
0070859352,H
0728989248,H
0879138810,H
0121068729,H
0665191325,H
1743505250,H
1425975427,H
2087146807,H
0144083819,H
1299613180,H
0749088329,H
1290174242,H
0815787075,H
1717144575,H
1748811132,H
0369543680,H
1431678564,H
0092871223,H
0420972896,H
1361512133,H
1098142682,H
1681465636,H
2137007308,H
1609864984,H
0747834743,H
0691656061,H
1453594489,H
0604910020,H
1678913689,H
1827320128,H
0369018970,H
1585228871,H
1867584478,H
0089524212,H
1924211296,H
0600883878,H
1871125884,H
1351620840,H
0826343739,H
1793870474,H
0426763514,H
0370661406,H
1694070950,H
0824560642,H
1128569473,H
0671244704,H
0649685188,H
1110982365,H
1379724638,H
0309268542,H
0289251587,H
0610807552,H
1379603964,H
1311787492,H
1999319547,H
0573890213,H
1247828921,H
2141666440,H
1348273829,H
1971700485,H
1401305507,H
1756110564,H
0744973894,H
1655751711,H
0543624070,H
0360104742,H
0314534510,H
1719824789,H
0702070116,H
1007372447,H
1724606021,H
0956335685,H
0821253605,H
1484614296,H
0732025931,H
1737567744,H
0367275847,H
1778518818,H
0247228928,H
1484183294,H
1638454944,H
1420831559,H
1451729266,H
2080704578,H
1974908552,H
0256978194,H
1581828126,H
1360394407,H
0959372368,H
1910253887,H
0540587387,H
1857653211,H
1239176028,H
1413135744,H
0002417483,H
2077828543,H
1035962407,H
0074348390,H
0018045660,H
1389042902,H
0275818888,H
2145780875,H
0028602324,H
1605832675,H
1787957756,H
0914744028,H
0917620063,H
1515041087,H
0940491700,H
0111770452,H
0867935396,H
0785884994,H
0266358597,H
1740953303,H
0470258942,H
1026031140,H
1295983481,H
1515203101,H
0848550005,H
1995205112,H
0299142880,H
0458448692,H
1228659338,H
2046808736,H
0695862256,H
0731972197,H
0718539498,H
0724330116,H
0910158617,H
1432325314,H
1027866023,H
0695093406,H
0958603518,H
1533585273,H
1515634103,H
1099314142,H
1703240900,H
0671050309,H
1524447644,H
0428197735,H
0137013401,H
1593712097,H
1471235331,H
0113024038,H
0944646109,H
1569506986,H
1207530824,H
1238745026,H
0414642936,H
0839828224,H
0555313646,H
2020448061,H
1945428103,H
1646743775,H
0684052006,H
2128233741,H
1718276061,H
0796926394,H
1898604285,H
1407276760,H
1365484541,H
1831151875,H
0468515819,H
1338148167,H
1196345971,H
1389689652,H
1304562653,H
1381469187,H
1317200288,H
0966892349,H
1191202103,H
0083787328,H
1621533207,H
0911114329,H
0838033315,H
1725252771,H
1881501913,H
1198757257,H
0218438406,H
0886600256,H
0350806465,H
0818054908,H
0451992703,H
1790329068,H
1816547716,H
0255355745,H
1097549666,H
2147403324,H
1389811752,H
0907728770,H
1940680678,H
0631270695,H
0331596908,H
0822802333,H
0075660511,H
1629317315,H
1801249794,H
0061541088,H
0284107719,H
0983814086,H
1050707227,H
0982696360,H
1908058409,H
0378317247,H
0203834247,H
1932500127,H
0806326784,H
1317995352,H
1326337917,H
0417032869,H
1567588029,H
0943043647,H
1295318110,H
1420709459,H
0652992225,H
1316446624,H
1182965058,H
1166579750,H
0817099196,H
1711820072,H
1512004404,H
0479719233,H
0776424703,H
0837993341,H
1896821188,H
0997021234,H
1220736719,H
1361285329,H
1080188109,H
0856472624,H
1251756526,H
0970659306,H
1111207916,H
0966001427,H
1106550037,H
1368644737,H
1228096127,H
0849113216,H
1087547517,H
0989661826,H
1018148495,H
0918512238,H
1158697105,H
1299245715,H
1059060848,H
0677544799,H
1540213154,H
0540776927,C
0949601152,C
0131952702,C
1710069244,C
2118893469,C
1301245019,C
0892420794,C
0483596569,C
0079398211,C
0738250239,C
0329426014,C
1147074464,C
1344547776,C
2132771070,C
1753372001,C
1723946845,C
1315122620,C
0906298395,C
0502100037,C
0093275812,C
0724372638,C
0315548413,C
1950845313,C
1542021088,C
1526473533,C
1935297758,C
1133196863,C
0713450950,C
0304626725,C
1117649308,C
0513021725,C
0921845950,C
1330670175,C
0104197500,C
0301670812,C
0924801863,C
0107153413,C
0515977638,C
0727328551,C
1136152776,C
1540351134,C
0090319899,C
0499144124,C
0318504326,C
0907968349,C
1751702047,C
1347503689,C
1725616799,C
1316792574,C
2134441024,C
0121031014,C
0529855239,C
0938679464,C
1895277256,C
1486453031,C
1077628806,C
0259980356,C
0668804581,C
1725559146,C
2134383371,C
1316734921,C
0907910696,C
0499086471,C
1131584562,C
0727386204,C
1540408787,C
0090262246,C
0318561979,C
0952557065,C
1361381290,C
1711739198,C
1770205515,C
2120563423,C
1500388285,C
1909212510,C
2124958305,C
1716134080,C
0898485630,C
1307309855,C
0489661405,C
1927484993,C
1958658078,C
1518660768,C
0701012318,C
1109836543,C
0525460357,C
1343108807,C
0116636132,C
0292188093,C
0934284582,C
1730011681,C
1321187456,C
0912363231,C
1091564060,C
0134908615,C
0273915610,C
0682739835,C
0543732840,C
1840101745,C
0166336913,C
1541455252,C
0183635101,C
0774404406,C
1971969843,C
0800389652,C
0849583871,C
0598868706,C
1900604587,C
1993351249,C
1304455104,C
1509952843,C
0203807718,C
2058073700,C
0016927811,C
1351485745,C
1088689986,C
1546623768,C
1785420923,C
0128062541,C
0114865016,C
1026315724,C
1004161489,C
0132847862,C
0238872129,C
0009424006,C
0375043577,C
2081937461,C
1025182896,C
2054984100,C
1330104339,C
0552649723,C
1017924726,C
1195645236,C
0574031129,C
0227722518,C
0442719237,C
1468629000,C
2045635068,C
0470474439,C
1915801832,C
0168908710,C
1165131421,C
0629042938,C
0141181249,C
0932513466,C
1404042940,C
0888127074,C
1814191770,C
0459881034,C
0794015856,C
1435881360,C
1907777405,C
0197512702,C
1855665561,C
1316893736,C
0310899359,C
1635371874,C
0756307196,C
1266220861,C
0828842412,C
0567988320,C
1582703824,C
1885596977,C
1886726986,C
1592361816,C
1782000336,C
1393118548,C
1039862338,C
1880353190,C
0997673329,C
1901809867,C
1846722787,C
1906338436,C
0052593076,C
1362719097,C
1569210454,C
0604355309,C
1810086525,C
0760195818,C
0977611567,C
0808533404,C
0601843942,C
1069268171,C
0548045883,C
1471913196,C
1613990468,C
0142196894,C
1013757767,C
0079633060,C
1803072782,C
2070322697,C
1497845198,C
1688944714,C
1691588963,C
0648985375,C
1376287738,C
0354986776,C
1062704740,C
1638656070,C
1931004038,C
1626548425,C
0615721543,C
1024545768,C
1396018513,C
1433122747,C
1367653924,C
1603030492,C
0776363997,C
1210983833,C
1435139949,C
1440873798,C
1436459593,C
0651311537,C
0524894521,C
1917126437,C
0217376359,C
0342737779,C
2090265134,C
1183228631,C
0802406854,C
0188358266,C
1050862001,C
1016600121,C
1810907574,C
1063203335,C
1244839455,C
1583088055,C
0453507238,C
0761356387,C
0795785812,C
1664972303,C
0871680495,C
2010340477,C
1681109922,C
2083869311,C
0068730695,C
0583304890,C
1615279489,C
1229853872,C
0509811640,C
1259048043,C
0431569626,C
1610459026,C
0456596838,C
0578890685,C
0827955219,C
1815820374,C
1119420424,C
2088283516,C
1621803233,C
1834443167,C
0174171705,C
1405367545,C
0766900601,C
0295398178,C
1970455603,C
1567696214,C
1570340463,C
1692012287,C
0205016507,C
1079747212,C
0968977753,C
0066086446,C
1179123386,C
0556988657,C
1650574080,C
1283594320,C
1055390570,C
1158871989,C
1663127076,C
0234096314,C
0396424983,C
0058891601,C
0678757779,C
0026276843,C
0249991117,C
0064625450,C
0159473055,C
2104120708,C
0041284453,C
1883827021,C
2071951301,C
1478092396,C
1176033786,C
0474888644,C
1420129520,C
0158833108,C
0843850022,C
1772867927,C
0433895788,C
1345420909,C
0217243477,C
0047658249,C
1014066727,C
0381417373,C
0813525842,C
1659481270,C
1400622353,C
1587638651,C
0387482209,C
0062665859,C
2000855054,C
1493294602,C
1973430839,C
0432125832,C
0172710709,C
2028111661,C
1964488065,C
1043686364,C
1641189464,C
1638099864,C
1791485759,C
0639062540,C
0765770592,C
0749933400,C
0646451981,C
0125013070,C
0859356227,C
0367539772,C
0163692664,C
1469759009,C
0748608795,C
0815706222,C
2043066090,C
0866436708,C
1063910020,C
0468514848,C
1212829060,C
0663419182,C
0037179208,C
1224861434,C
1487035170,C
2122103554,C
1506977607,C
0006448770,C
1894230791,C
1952049433,C
2020797491,C
1824785175,C
0055276418,C
1606239417,C
0526664477,C
1675565708,C
2128477350,C
0029697430,C
0843925293,C
0210541513,C
0537257882,C
1342776660,C
1840543587,C
1045370968,C
1611664306,C
0592653922,C
1455082386,C
0047463653,C
1586508642,C
0211275939,C
1105542823,C
0174149678,C
1464214795,C
1454504153,C
0231562920,C
0367425408,C
0420207822,C
0428841636,C
0944952098,C
1840508003,C
0736245434,C
1650538496,C
0161733073,C
1610534297,C
1085714750,C
0406904024,C
0991798128,C
0186954881,C
0846213052,C
1476463792,C
0701578154,C
1338275142,C
1186203867,C
0955024881,C
0622669142,C
2011779446,C
1192692027,C
0582973903,C
1624222263,C
2084200298,C
1047697130,C
1767813775,C
0250066388,C
0247091152,C
1969016634,C
0551135483,C
1997787481,C
1722742725,C
1630287099,C
1335272855,C
1289447494,C
0657685333,C
1101128618,C
2085519942,C
2091779374,C
1281634729,C
0627603969,C
1520740844,C
0338133939,C
0203365876,C
1911273263,C
0053723085,C
1182897644,C
1877762185,C
0822102045,C
1649249475,C
1249218076,C
1863575624,C
1615393853,C
1420375155,C
1461125195,C
1231482476,C
0746958164,C
1956578002,C
0012513606,C
1246490086,C
0586589086,C
2113469740,C
0378575019,C
0686239557,C
0566452053,C
2078016137,C
1697962759,C
1144994388,C
1052631957,C
0531193046,C
0543790493,C
0952614718,C
0273857957,C
0134966268,C
1361438943,C
1324605339,C
1743889282,C
0920406981,C
1733429564,C
2142253789,C
1719551963,C
1310727738,C
2128376188,C
1757766883,C
0901903513,C
0940118433,C
0531294208,C
0286354242,C
1348942658,C
0122469983,C
1917025275,C
1151469346,C
1560293571,C
1969117796,C
0742645121,C
0333820896,C
0075003329,C
0479201687,C
1296850137,C
1771644484,C
0888025912,C
1705674362,C
2114498587,C
1500330632,C
1091506407,C
1909154857,C
0682682182,C
1976988214,C
1362820259,C
0953996034,C
0545171809,C
0267850774,C
0136347584,C
1494323449,C
1085499224,C
0676674999,C
0086902016,C
0730746434,C
0321922209,C
0347698497,C
1337043971,C
0110571296,C
0519395521,C
0928219746,C
1745868196,C
0346317181,C
1163965631,C
0062507044,C
1572789856,C
0755141406,C
0076384645,C
0485208870,C
0894033095,C
1765637301,C
2120505770,C
0557668094,C
0148843869,C
1375316544,C
1784140769,C
0966492319,C
0714889919,C
1123714144,C
0306065694,C
0511582756,C
0102758531,C
0690552600,C
1508201050,C
1099376825,C
1150088030,C
1554286388,C
0741263805,C
1963110613,C
0332439580,C
0287735558,C
1923032458,C
1105384008,C
1514208233,C
0696559783,C
1903147674,C
1982995397,C
1574171172,C
1165346947,C
0756522722,C
1322626425,C
2140274875,C
0509603842,C
1731450650,C
0913802200,C
0100779617,C
0308044608,C
0716868833,C
1943341508,C
1942801563,C
1125693058,C
1534517283,C
1533977338,C
1851739351,F
2034403720,F
1625579495,F
1256006821,F
1817113667,F
2073655271,F
1408289442,F
1664831046,F
1640388438,F
0438358371,F
0847182596,F
1196938529,F
1605762754,F
1467357734,F
1058533509,F
0649709284,F
0221068318,F
2063090264,F
1083673106,F
0270650523,F
0674848881,F
1153295464,F
0073177211,F
0744471239,F
0335647014,F
1562119689,F
1064363992,F
1642906327,F
1834412519,F
1234082102,F
1430214161,F
2051730552,F
1383955491,F
0566307041,F
1792779716,F
2093363355,F
0975131266,F
1641565074,F
1840379639,F
2045763432,F
1431555414,F
1022731189,F
0218960340,F
1445433015,F
0627784565,F
1036608790,F
0189863885,F
1806657317,F
0175986284,F
0584810509,F
0989008867,F
1397833092,F
1186482179,F
1473188217,F
2004130629,F
1595306404,F
1882012442,F
0655539767,F
0162108683,F
0246715542,F
1167173065,F
1492497331,F
1901321556,F
1575997290,F
1984821515,F
1970943914,F
1915199157,F
0759163310,E
1612575952,E
0202450707,E
1720777327,E
0650961935,E
1466040782,E
1867312497,E
0457187252,E
0504426765,E
0905698480,E
2122049042,E
0762793009,E
0198821008,E
1211304237,E
1160435025,E
1863682798,E
0902068781,E
1469670481,E
1221396887,E
0508056464,E
1562281305,E
0198009236,E
1225977190,E
1842179912,E
1622038976,E
1999228140,E
0418278892,E
1234360890,E
1938394998,E
0716418694,E
0835111681,E
1147265795,E
1388868934,E
1358360546,E
1649461806,E
1158581922,E
0523685342,E
0504736323,E
0554721412,E
0286522648,E
1040844860,E
1152723160,E
1423695128,E
1685175853,E
1648177426,E
0081275925,E
0238052181,E
0723561836,E
1902913971,E
0492788726,E
1430439308,E
0941299954,E
0468825291,E
1644547727,E
1688805552,E
0682933710,E
0686563409,E
1236664625,E
1135074637,E
2096688654,E
0275050608,E
0913983069,I
2135829877,I
0505158844,I
1731631519,I
1322807294,I
1144015657,I
1924478964,I
1552839882,I
1520280606,I
1961664107,I
1077520229,I
0259871779,I
0668696004,I
0148952446,I
0664270359,I
1730498311,I
0480365688,I
1743421975,I
0967287003,I
1997535700,I
0058812395,I
1888086749,I
0489714720,I
1753649673,I
0744901707,I
0084722370,I
1943653900,I
0394619869,I
1355979156,I
0714943234,I
0731910435,I
1163555035,I
1982219130,I
0716815518,I
0899612207,I
0530632305,I
1726278702,I
0513374668,I
0300487488,I
1582858301,I
0919920351,I
1379320153,I
1981203485,I
1284764448,I
1744375912,I
0497960800,I
0521689531,I
0095898105,I
2101088293,I
0175765151,I
1530049763,I
0101906194,I
2130168100,I
1812501020,I
0295331008,I
0895997024,I
0068885178,I
2115160490,I
1723634453,I
1528805390,I
0567405552,I
1150882714,I
1731503965,I
2144045701,I
1494790756,I
1110632133,I
0726975608,I
1049577515,I
1262367397,I
1664817826,I
0115818515,I
2120385753,I
0696895108,I
0474300852,I
0552088982,I
0740738845,I
0710962344,I
0515510331,I
0942431766,I
0260814276,I
0066625160,I
0275707522,I
0114189911,I
1158695479,I
0652636152,I
2113315263,I
1930050539,I
1953767234,I
0354946657,I
0754307486,I
1722473884,I
0732926080,I
0585719385,I
2128653860,I
1308105445,I
1556176361,I
1081437962,I
1914768689,I
1909034840,I
0710529029,I
1502489157,I
0700734646,I
0726861244,I
0686491338,I
1343695439,I
0680757489,I
1693703037,I
1741983006,I
1954190558,I
1510513584,I
0853788807,I
0777127861,I
0326367207,I
0735191432,I
0927860670,I
1745509120,I
0519036445,I
2140633951,I
1336684895,I
1341488969,I
0523840519,I
0115016294,I
1750313194,I
0932664744,I
0082457018,I
0491281243,I
0900105468,I
1486344454,I
1173325942,I
1582150167,I
1895168679,I
1990974392,I
0764501717,I
0048520866,I
0360303359,I
0457345091,I
1274993541,I
0866169316,I
1683817766,I
2092641991,I
0162830047,I
0571654272,I
0975852630,I
0994356098,I
0585531873,I
2078764390,I
1807378681,I
1398554456,I
2064886789,I
1417057924,I
1821256282,I
1008233699,I
1035887426,I
0627063201,I
1444711651,I
2032607195,I
1853535876,I
0006888063,I
0401936162,I
0415712288,I
0824536513,I
1642184963,I
1233360738,I
2051009188,I
1839759750,I
1430935525,I
0613185600,I
0613287075,I
0204361375,I
0204462850,I
1022111300,I
1022009825,I
1430834050,I
2051110663,I
1839658275,I
1642286438,I
0810658912,I
0401834687,I
1997039228,I
1588215003,I
1179390778,I
0770566553,I
1677752930,I
1273554572,I
0864730347,I
0653379434,I
1062203659,I
1466402017,I
1875226242,I
0244555209,I
1602092604,I
1193268379,I
0784444154,I
2010916829,I
0375619929,I
0033204296,I
0850852746,I
1255051104,I
1663875329,I
0442028521,I
1813443517,I
2072699554,I
0995795067,I
0178146617,I
0586970842,I
0230677608,I
1404619292,I
1615970205,I
0019326695,I
1207145980,I
0798321755,I
0389497530,I
1438646815,I
0216800007,I
1847471040,I
1029822590,I
0620998365,I
0812199356,I
0403375131,I
1221023581,I
1629847806,I
2038672031,I
1227295902,I
0409647452,I
0005449094,I
1636120127,I
0818471677,I
1023550269,I
1841198719,I
1432374494,I
2044944352,I
0395769851,I
0804594076,I
0417252732,I
0013054374,I
0826076957,I
1267489736,I
0858665511,I
1676313961,I
1801004885,I
2085138186,I
0579158077,I
1392180660,I
0983356435,I
0170333852,I
1056138823,I
0647314598,I
1873787273,I
0238490373,I
1464963048,I
1603531573,I
2012355798,I
1194707348,I
0790508990,I
0381684765,I
0844787910,I
0027139460,I
0435963685,I
1253612135,I
1662436360,I
1001859903,I
1814882486,I
2071260585,I
1406058261,I
0593035678,I
0184211453,I
0224612772,I
0633436997,I
1451085447,I
1042261222,I
1859909672,I
1213210816,I
2026233399,I
1617409174,I
0395562366,I
0422086084,I
0830910309,I
0013261859,I
0804386591,I
1239734534,I
2057382984,I
1828760087,I
1648558759,I
1424561729,I
1028383621,I
2040111000,I
1635912642,I
1846032071,I
1437207846,I
0818264192,I
0000615742,I
0409439967,I
0408208483,I
1227088417,I
0817032708,I
1634681158,I
2043505383,I
1225856933,I
1847263555,I
0196857570,I
0620790880,I
0211966655,I
1029615105,I
1438439330,I
1240966018,I
0832141793,I
1649790243,I
0225844256,I
0634668481,I
1000628419,I
0182979969,I
0591804194,I
2079073350,I
1807069721,I
1409452644,I
1670249125,I
1398245496,I
0989421271,I
0580597046,I
0237051404,I
0171772821,I
1867722437,I
0645875629,I
1458898212,I
2018420634,I
1054699854,I
1609596409,I
0791947959,I
0383123734,I
0025700491,I
1200772184,I
2065195749,I
1247547299,I
0843348941,I
0434524716,I
1656371524,I
0824845473,I
1642493923,I
0420647115,I
1233669698,I
0011822890,I
1017176473,I
2051318148,I
1426000698,I
1834824923,I
0608352248,I
1228527386,I
1637351611,I
0819703161,I
1839967235,I
2046175836,I
0410878936,I
0002054711,I
0810967872,I
1219792097,I
0402143647,I
1628616322,I
1031054074,I
2037440547,I
1439878299,I
1848702524,I
1826089634,I
1417265409,I
2060053437,I
1205914496,I
1614738721,I
0388266046,I
0797090271,I
2023562946,I
1044931675,I
1862580125,I
1453755900,I
0636107450,I
0231909092,I
1403387808,I
0176915133,I
0585739358,I
0994563583,I
1812212033,I
1256282588,I
1665106813,I
2073931038,I
0177837657,I
0586661882,I
0847458363,I
0639810793,I
0230986568,I
1048635018,I
1457459243,I
1866283468,I
0798012795,I
2019859603,I
1202211153,I
1611035378,I
1246108330,I
0428459880,I
0389188570,I
0837284105,I
0019635655,I
1654932555,I
1009363708,I
2063756780,I
1413562066,I
1822386291,I
1617100214,I
1860218632,I
2025924439,I
1116260455,I
0707436230,I
1525084680,I
0110212220,I
0298612005,I
0509962918,I
0918787143,I
0307685532,I
1327611368,I
0101138693,I
0688754555,I
0537718120,I
0946542345,I
0128893895,I
0279930330,I
1764190795,I
1308929693,I
2121952276,I
1355366570,I
1713128051,I
0654818403,I
1063642628,I
0245994178,I
1472466853,I
1881291078,I
2004851993,I
1596027768,I
1187203543,I
0783005185,I
0374180960,I
0443467490,I
0034643265,I
2018729594,I
1867413477,I
1458589252,I
1049765027,I
0640940802,I
0020765664,I
0429589889,I
0838414114,I
0388058561,I
1852405867,I
1443581642,I
2033737204,I
1624912979,I
0811890396,I
0005758054,I
0403066171,I
0414582279,I
1220714621,I
0205592859,I
1836263892,I
1023241309,I
0614417084,I
1432065534,I
1429704041,I
1020879816,I
0612055591,I
1838528266,I
0203231366,I
1643416447,I
0416943772,I
1234592222,I
2047614805,I
0825767997,I
0008119547,I
0400704678,I
1218353128,I
1627177353,I
0809528903,I
1445943135,I
1037118910,I
1854767360,I
0628294685,I
2036001578,I
1007002215,I
1415826440,I
1824650665,I
2066118273,I
0233348061,I
1050996511,I
1459820736,I
1868644961,I
0642172286,I
0584300389,I
1806147197,I
1401948839,I
0993124614,I
0175476164,I
1190597926,I
1451394407,I
0035874749,I
0372949476,I
0781773701,I
1736435593,I
