id,A,B,C,D,E,F,G,H,I
0684904207,0.1,0.1,0.1,0.1,0.1,0.1,0.1,0.1,0.1
0478307446,0.1,0.1,0.1,0.1,0.1,0.1,0.1,0.1,0.1
1096522993,0.1,0.1,0.1,0.1,0.1,0.1,0.1,0.1,0.1
1535956252,0.1,0.1,0.1,0.1,0.1,0.1,0.1,0.1,0.1
2052988925,0.1,0.1,0.1,0.1,0.1,0.1,0.1,0.1,0.1
0924074397,0.1,0.1,0.1,0.1,0.1,0.1,0.1,0.1,0.1
1313796140,0.1,0.1,0.1,0.1,0.1,0.1,0.1,0.1,0.1
1628307362,0.1,0.1,0.1,0.1,0.1,0.1,0.1,0.1,0.1
2119471672,0.1,0.1,0.1,0.1,0.1,0.1,0.1,0.1,0.1
1069836896,0.1,0.1,0.1,0.1,0.1,0.1,0.1,0.1,0.1
1774496531,0.1,0.1,0.1,0.1,0.1,0.1,0.1,0.1,0.1
0344382857,0.1,0.1,0.1,0.1,0.1,0.1,0.1,0.1,0.1
1427305157,0.1,0.1,0.1,0.1,0.1,0.1,0.1,0.1,0.1
0710495037,0.1,0.1,0.1,0.1,0.1,0.1,0.1,0.1,0.1
0658518749,0.1,0.1,0.1,0.1,0.1,0.1,0.1,0.1,0.1
0493801006,0.1,0.1,0.1,0.1,0.1,0.1,0.1,0.1,0.1
0423317568,0.1,0.1,0.1,0.1,0.1,0.1,0.1,0.1,0.1
0478993889,0.1,0.1,0.1,0.1,0.1,0.1,0.1,0.1,0.1
0112644686,0.1,0.1,0.1,0.1,0.1,0.1,0.1,0.1,0.1
0137859146,0.1,0.1,0.1,0.1,0.1,0.1,0.1,0.1,0.1
1609184005,0.1,0.1,0.1,0.1,0.1,0.1,0.1,0.1,0.1
1233462213,0.1,0.1,0.1,0.1,0.1,0.1,0.1,0.1,0.1
1362177504,0.1,0.1,0.1,0.1,0.1,0.1,0.1,0.1,0.1
0130761301,0.1,0.1,0.1,0.1,0.1,0.1,0.1,0.1,0.1
0629892543,0.1,0.1,0.1,0.1,0.1,0.1,0.1,0.1,0.1
0810481193,0.1,0.1,0.1,0.1,0.1,0.1,0.1,0.1,0.1
0480482863,0.1,0.1,0.1,0.1,0.1,0.1,0.1,0.1,0.1
0167939166,0.1,0.1,0.1,0.1,0.1,0.1,0.1,0.1,0.1
1106100753,0.1,0.1,0.1,0.1,0.1,0.1,0.1,0.1,0.1
0808615970,0.1,0.1,0.1,0.1,0.1,0.1,0.1,0.1,0.1
0339116889,0.1,0.1,0.1,0.1,0.1,0.1,0.1,0.1,0.1
0055915537,0.1,0.1,0.1,0.1,0.1,0.1,0.1,0.1,0.1
0964920155,0.1,0.1,0.1,0.1,0.1,0.1,0.1,0.1,0.1
1898705086,0.1,0.1,0.1,0.1,0.1,0.1,0.1,0.1,0.1
1604356882,0.1,0.1,0.1,0.1,0.1,0.1,0.1,0.1,0.1
1166619724,0.1,0.1,0.1,0.1,0.1,0.1,0.1,0.1,0.1
1355831497,0.1,0.1,0.1,0.1,0.1,0.1,0.1,0.1,0.1
1062717107,0.1,0.1,0.1,0.1,0.1,0.1,0.1,0.1,0.1
1183764434,0.1,0.1,0.1,0.1,0.1,0.1,0.1,0.1,0.1
0963030643,0.1,0.1,0.1,0.1,0.1,0.1,0.1,0.1,0.1
0176707648,0.1,0.1,0.1,0.1,0.1,0.1,0.1,0.1,0.1
0969323921,0.1,0.1,0.1,0.1,0.1,0.1,0.1,0.1,0.1
0056849993,0.1,0.1,0.1,0.1,0.1,0.1,0.1,0.1,0.1
0024760818,0.1,0.1,0.1,0.1,0.1,0.1,0.1,0.1,0.1
1766671399,0.1,0.1,0.1,0.1,0.1,0.1,0.1,0.1,0.1
1104580110,0.1,0.1,0.1,0.1,0.1,0.1,0.1,0.1,0.1
1423746142,0.1,0.1,0.1,0.1,0.1,0.1,0.1,0.1,0.1
1234901182,0.1,0.1,0.1,0.1,0.1,0.1,0.1,0.1,0.1
0440154164,0.1,0.1,0.1,0.1,0.1,0.1,0.1,0.1,0.1
0142768069,0.1,0.1,0.1,0.1,0.1,0.1,0.1,0.1,0.1
1424769214,0.1,0.1,0.1,0.1,0.1,0.1,0.1,0.1,0.1
1694987523,0.1,0.1,0.1,0.1,0.1,0.1,0.1,0.1,0.1
0797301837,0.1,0.1,0.1,0.1,0.1,0.1,0.1,0.1,0.1
0016684364,0.1,0.1,0.1,0.1,0.1,0.1,0.1,0.1,0.1
1357839407,0.1,0.1,0.1,0.1,0.1,0.1,0.1,0.1,0.1
0811380276,0.1,0.1,0.1,0.1,0.1,0.1,0.1,0.1,0.1
0192024218,0.1,0.1,0.1,0.1,0.1,0.1,0.1,0.1,0.1
2143433138,0.1,0.1,0.1,0.1,0.1,0.1,0.1,0.1,0.1
1226149838,0.1,0.1,0.1,0.1,0.1,0.1,0.1,0.1,0.1
0310652082,0.1,0.1,0.1,0.1,0.1,0.1,0.1,0.1,0.1
1957246475,0.1,0.1,0.1,0.1,0.1,0.1,0.1,0.1,0.1
0955296533,0.1,0.1,0.1,0.1,0.1,0.1,0.1,0.1,0.1
0510889716,0.1,0.1,0.1,0.1,0.1,0.1,0.1,0.1,0.1
1307492882,0.1,0.1,0.1,0.1,0.1,0.1,0.1,0.1,0.1
1500391153,0.1,0.1,0.1,0.1,0.1,0.1,0.1,0.1,0.1
1325886515,0.1,0.1,0.1,0.1,0.1,0.1,0.1,0.1,0.1
1946093474,0.1,0.1,0.1,0.1,0.1,0.1,0.1,0.1,0.1
1153972074,0.1,0.1,0.1,0.1,0.1,0.1,0.1,0.1,0.1
1168589651,0.1,0.1,0.1,0.1,0.1,0.1,0.1,0.1,0.1
0918192299,0.1,0.1,0.1,0.1,0.1,0.1,0.1,0.1,0.1
1095711374,0.1,0.1,0.1,0.1,0.1,0.1,0.1,0.1,0.1
0985587616,0.1,0.1,0.1,0.1,0.1,0.1,0.1,0.1,0.1
0542850317,0.1,0.1,0.1,0.1,0.1,0.1,0.1,0.1,0.1
1446252095,0.1,0.1,0.1,0.1,0.1,0.1,0.1,0.1,0.1
0645050320,0.1,0.1,0.1,0.1,0.1,0.1,0.1,0.1,0.1
0934129419,0.1,0.1,0.1,0.1,0.1,0.1,0.1,0.1,0.1
1173247530,0.1,0.1,0.1,0.1,0.1,0.1,0.1,0.1,0.1
0926627999,0.1,0.1,0.1,0.1,0.1,0.1,0.1,0.1,0.1
1833593439,0.1,0.1,0.1,0.1,0.1,0.1,0.1,0.1,0.1
1393440881,0.1,0.1,0.1,0.1,0.1,0.1,0.1,0.1,0.1
1282776333,0.1,0.1,0.1,0.1,0.1,0.1,0.1,0.1,0.1
0871414641,0.1,0.1,0.1,0.1,0.1,0.1,0.1,0.1,0.1
0007609427,0.1,0.1,0.1,0.1,0.1,0.1,0.1,0.1,0.1
1510312180,0.1,0.1,0.1,0.1,0.1,0.1,0.1,0.1,0.1
1792999999,0.1,0.1,0.1,0.1,0.1,0.1,0.1,0.1,0.1
1633311076,0.1,0.1,0.1,0.1,0.1,0.1,0.1,0.1,0.1
1572942559,0.1,0.1,0.1,0.1,0.1,0.1,0.1,0.1,0.1
0894749840,0.1,0.1,0.1,0.1,0.1,0.1,0.1,0.1,0.1
1921014961,0.1,0.1,0.1,0.1,0.1,0.1,0.1,0.1,0.1
2128601895,0.1,0.1,0.1,0.1,0.1,0.1,0.1,0.1,0.1
1732863728,0.1,0.1,0.1,0.1,0.1,0.1,0.1,0.1,0.1
0799467819,0.1,0.1,0.1,0.1,0.1,0.1,0.1,0.1,0.1
0360730139,0.1,0.1,0.1,0.1,0.1,0.1,0.1,0.1,0.1
0711923797,0.1,0.1,0.1,0.1,0.1,0.1,0.1,0.1,0.1
0459036271,0.1,0.1,0.1,0.1,0.1,0.1,0.1,0.1,0.1
0096129644,0.1,0.1,0.1,0.1,0.1,0.1,0.1,0.1,0.1
0959117489,0.1,0.1,0.1,0.1,0.1,0.1,0.1,0.1,0.1
0152790299,0.1,0.1,0.1,0.1,0.1,0.1,0.1,0.1,0.1
1741034531,0.1,0.1,0.1,0.1,0.1,0.1,0.1,0.1,0.1
2085044719,0.1,0.1,0.1,0.1,0.1,0.1,0.1,0.1,0.1
0266956533,0.1,0.1,0.1,0.1,0.1,0.1,0.1,0.1,0.1
1009672668,0.1,0.1,0.1,0.1,0.1,0.1,0.1,0.1,0.1
1226353326,0.1,0.1,0.1,0.1,0.1,0.1,0.1,0.1,0.1
0179722784,0.1,0.1,0.1,0.1,0.1,0.1,0.1,0.1,0.1
0154640483,0.1,0.1,0.1,0.1,0.1,0.1,0.1,0.1,0.1
0188552589,0.1,0.1,0.1,0.1,0.1,0.1,0.1,0.1,0.1
0557143134,0.1,0.1,0.1,0.1,0.1,0.1,0.1,0.1,0.1
1381819315,0.1,0.1,0.1,0.1,0.1,0.1,0.1,0.1,0.1
0630785959,0.1,0.1,0.1,0.1,0.1,0.1,0.1,0.1,0.1
1314688315,0.1,0.1,0.1,0.1,0.1,0.1,0.1,0.1,0.1
0647332236,0.1,0.1,0.1,0.1,0.1,0.1,0.1,0.1,0.1
0716509757,0.1,0.1,0.1,0.1,0.1,0.1,0.1,0.1,0.1
1949175359,0.1,0.1,0.1,0.1,0.1,0.1,0.1,0.1,0.1
0164977150,0.1,0.1,0.1,0.1,0.1,0.1,0.1,0.1,0.1
1532853746,0.1,0.1,0.1,0.1,0.1,0.1,0.1,0.1,0.1
1889103843,0.1,0.1,0.1,0.1,0.1,0.1,0.1,0.1,0.1
1491401170,0.1,0.1,0.1,0.1,0.1,0.1,0.1,0.1,0.1
0656499884,0.1,0.1,0.1,0.1,0.1,0.1,0.1,0.1,0.1
1350449380,0.1,0.1,0.1,0.1,0.1,0.1,0.1,0.1,0.1
1376687955,0.1,0.1,0.1,0.1,0.1,0.1,0.1,0.1,0.1
0803155107,0.1,0.1,0.1,0.1,0.1,0.1,0.1,0.1,0.1
0003493776,0.1,0.1,0.1,0.1,0.1,0.1,0.1,0.1,0.1
2097648618,0.1,0.1,0.1,0.1,0.1,0.1,0.1,0.1,0.1
0699279614,0.1,0.1,0.1,0.1,0.1,0.1,0.1,0.1,0.1
0794053444,0.1,0.1,0.1,0.1,0.1,0.1,0.1,0.1,0.1
0669417368,0.1,0.1,0.1,0.1,0.1,0.1,0.1,0.1,0.1
0593672799,0.1,0.1,0.1,0.1,0.1,0.1,0.1,0.1,0.1
0398780390,0.1,0.1,0.1,0.1,0.1,0.1,0.1,0.1,0.1
0418110621,0.1,0.1,0.1,0.1,0.1,0.1,0.1,0.1,0.1
1170468402,0.1,0.1,0.1,0.1,0.1,0.1,0.1,0.1,0.1
1541280047,0.1,0.1,0.1,0.1,0.1,0.1,0.1,0.1,0.1
0763780353,0.1,0.1,0.1,0.1,0.1,0.1,0.1,0.1,0.1
1220003663,0.1,0.1,0.1,0.1,0.1,0.1,0.1,0.1,0.1
0014493343,0.1,0.1,0.1,0.1,0.1,0.1,0.1,0.1,0.1
0021997148,0.1,0.1,0.1,0.1,0.1,0.1,0.1,0.1,0.1
0328151279,0.1,0.1,0.1,0.1,0.1,0.1,0.1,0.1,0.1
1957096326,0.1,0.1,0.1,0.1,0.1,0.1,0.1,0.1,0.1
1211979332,0.1,0.1,0.1,0.1,0.1,0.1,0.1,0.1,0.1
1178105110,0.1,0.1,0.1,0.1,0.1,0.1,0.1,0.1,0.1
0709056068,0.1,0.1,0.1,0.1,0.1,0.1,0.1,0.1,0.1
0035364629,0.1,0.1,0.1,0.1,0.1,0.1,0.1,0.1,0.1
1078241593,0.1,0.1,0.1,0.1,0.1,0.1,0.1,0.1,0.1
0658813557,0.1,0.1,0.1,0.1,0.1,0.1,0.1,0.1,0.1
1129543212,0.1,0.1,0.1,0.1,0.1,0.1,0.1,0.1,0.1
1325784688,0.1,0.1,0.1,0.1,0.1,0.1,0.1,0.1,0.1
0747766576,0.1,0.1,0.1,0.1,0.1,0.1,0.1,0.1,0.1
2037852951,0.1,0.1,0.1,0.1,0.1,0.1,0.1,0.1,0.1
1129216223,0.1,0.1,0.1,0.1,0.1,0.1,0.1,0.1,0.1
1181655056,0.1,0.1,0.1,0.1,0.1,0.1,0.1,0.1,0.1
0104250471,0.1,0.1,0.1,0.1,0.1,0.1,0.1,0.1,0.1
1412338318,0.1,0.1,0.1,0.1,0.1,0.1,0.1,0.1,0.1
0172977016,0.1,0.1,0.1,0.1,0.1,0.1,0.1,0.1,0.1
2014775085,0.1,0.1,0.1,0.1,0.1,0.1,0.1,0.1,0.1
0121088667,0.1,0.1,0.1,0.1,0.1,0.1,0.1,0.1,0.1
0142924424,0.1,0.1,0.1,0.1,0.1,0.1,0.1,0.1,0.1
0396225390,0.1,0.1,0.1,0.1,0.1,0.1,0.1,0.1,0.1
2086577155,0.1,0.1,0.1,0.1,0.1,0.1,0.1,0.1,0.1
1833154146,0.1,0.1,0.1,0.1,0.1,0.1,0.1,0.1,0.1
0240774997,0.1,0.1,0.1,0.1,0.1,0.1,0.1,0.1,0.1
0921586330,0.1,0.1,0.1,0.1,0.1,0.1,0.1,0.1,0.1
0268302733,0.1,0.1,0.1,0.1,0.1,0.1,0.1,0.1,0.1
2012159230,0.1,0.1,0.1,0.1,0.1,0.1,0.1,0.1,0.1
0825257877,0.1,0.1,0.1,0.1,0.1,0.1,0.1,0.1,0.1
0363159054,0.1,0.1,0.1,0.1,0.1,0.1,0.1,0.1,0.1
0385229219,0.1,0.1,0.1,0.1,0.1,0.1,0.1,0.1,0.1
1099473163,0.1,0.1,0.1,0.1,0.1,0.1,0.1,0.1,0.1
1519224819,0.1,0.1,0.1,0.1,0.1,0.1,0.1,0.1,0.1
0805825560,0.1,0.1,0.1,0.1,0.1,0.1,0.1,0.1,0.1
1847392264,0.1,0.1,0.1,0.1,0.1,0.1,0.1,0.1,0.1
0938737117,0.1,0.1,0.1,0.1,0.1,0.1,0.1,0.1,0.1
0155745293,0.1,0.1,0.1,0.1,0.1,0.1,0.1,0.1,0.1
0130294065,0.1,0.1,0.1,0.1,0.1,0.1,0.1,0.1,0.1
1006685723,0.1,0.1,0.1,0.1,0.1,0.1,0.1,0.1,0.1
1185059033,0.1,0.1,0.1,0.1,0.1,0.1,0.1,0.1,0.1
0055605620,0.1,0.1,0.1,0.1,0.1,0.1,0.1,0.1,0.1
0603151711,0.1,0.1,0.1,0.1,0.1,0.1,0.1,0.1,0.1
0267638337,0.1,0.1,0.1,0.1,0.1,0.1,0.1,0.1,0.1
2071553490,0.1,0.1,0.1,0.1,0.1,0.1,0.1,0.1,0.1
1908183663,0.1,0.1,0.1,0.1,0.1,0.1,0.1,0.1,0.1
1243835160,0.1,0.1,0.1,0.1,0.1,0.1,0.1,0.1,0.1
1255524736,0.1,0.1,0.1,0.1,0.1,0.1,0.1,0.1,0.1
2143409563,0.1,0.1,0.1,0.1,0.1,0.1,0.1,0.1,0.1
1662729265,0.1,0.1,0.1,0.1,0.1,0.1,0.1,0.1,0.1
0513025298,0.1,0.1,0.1,0.1,0.1,0.1,0.1,0.1,0.1
1029743814,0.1,0.1,0.1,0.1,0.1,0.1,0.1,0.1,0.1
1033024460,0.1,0.1,0.1,0.1,0.1,0.1,0.1,0.1,0.1
1067176609,0.1,0.1,0.1,0.1,0.1,0.1,0.1,0.1,0.1
1470407522,0.1,0.1,0.1,0.1,0.1,0.1,0.1,0.1,0.1
0397001335,0.1,0.1,0.1,0.1,0.1,0.1,0.1,0.1,0.1
0799070008,0.1,0.1,0.1,0.1,0.1,0.1,0.1,0.1,0.1
1510213582,0.1,0.1,0.1,0.1,0.1,0.1,0.1,0.1,0.1
0554076325,0.1,0.1,0.1,0.1,0.1,0.1,0.1,0.1,0.1
1300137890,0.1,0.1,0.1,0.1,0.1,0.1,0.1,0.1,0.1
1932915408,0.1,0.1,0.1,0.1,0.1,0.1,0.1,0.1,0.1
1657081147,0.1,0.1,0.1,0.1,0.1,0.1,0.1,0.1,0.1
1833663848,0.1,0.1,0.1,0.1,0.1,0.1,0.1,0.1,0.1
1679682539,0.1,0.1,0.1,0.1,0.1,0.1,0.1,0.1,0.1
0654371093,0.1,0.1,0.1,0.1,0.1,0.1,0.1,0.1,0.1
1459978183,0.1,0.1,0.1,0.1,0.1,0.1,0.1,0.1,0.1
0949495848,0.1,0.1,0.1,0.1,0.1,0.1,0.1,0.1,0.1
1868134841,0.1,0.1,0.1,0.1,0.1,0.1,0.1,0.1,0.1
1763595951,0.1,0.1,0.1,0.1,0.1,0.1,0.1,0.1,0.1
1592884712,0.1,0.1,0.1,0.1,0.1,0.1,0.1,0.1,0.1
2112672469,0.1,0.1,0.1,0.1,0.1,0.1,0.1,0.1,0.1
1533745921,0.1,0.1,0.1,0.1,0.1,0.1,0.1,0.1,0.1
0047300991,0.1,0.1,0.1,0.1,0.1,0.1,0.1,0.1,0.1
0773246686,0.1,0.1,0.1,0.1,0.1,0.1,0.1,0.1,0.1
0225614072,0.1,0.1,0.1,0.1,0.1,0.1,0.1,0.1,0.1
0615830981,0.1,0.1,0.1,0.1,0.1,0.1,0.1,0.1,0.1
1620803557,0.1,0.1,0.1,0.1,0.1,0.1,0.1,0.1,0.1
0354956128,0.1,0.1,0.1,0.1,0.1,0.1,0.1,0.1,0.1
1141336801,0.1,0.1,0.1,0.1,0.1,0.1,0.1,0.1,0.1
1015737504,0.1,0.1,0.1,0.1,0.1,0.1,0.1,0.1,0.1
0958642019,0.1,0.1,0.1,0.1,0.1,0.1,0.1,0.1,0.1
0903184689,0.1,0.1,0.1,0.1,0.1,0.1,0.1,0.1,0.1
2098088128,0.1,0.1,0.1,0.1,0.1,0.1,0.1,0.1,0.1
0006989538,0.1,0.1,0.1,0.1,0.1,0.1,0.1,0.1,0.1
2058614468,0.1,0.1,0.1,0.1,0.1,0.1,0.1,0.1,0.1
1936598257,0.1,0.1,0.1,0.1,0.1,0.1,0.1,0.1,0.1
0885172080,0.1,0.1,0.1,0.1,0.1,0.1,0.1,0.1,0.1
0931213410,0.1,0.1,0.1,0.1,0.1,0.1,0.1,0.1,0.1
1987645157,0.1,0.1,0.1,0.1,0.1,0.1,0.1,0.1,0.1
0166290085,0.1,0.1,0.1,0.1,0.1,0.1,0.1,0.1,0.1
0082475207,0.1,0.1,0.1,0.1,0.1,0.1,0.1,0.1,0.1
0696617436,0.1,0.1,0.1,0.1,0.1,0.1,0.1,0.1,0.1
2044780937,0.1,0.1,0.1,0.1,0.1,0.1,0.1,0.1,0.1
0636683491,0.1,0.1,0.1,0.1,0.1,0.1,0.1,0.1,0.1
1131757894,0.1,0.1,0.1,0.1,0.1,0.1,0.1,0.1,0.1
0705460846,0.1,0.1,0.1,0.1,0.1,0.1,0.1,0.1,0.1
0810039023,0.1,0.1,0.1,0.1,0.1,0.1,0.1,0.1,0.1
1134871600,0.1,0.1,0.1,0.1,0.1,0.1,0.1,0.1,0.1
1364235122,0.1,0.1,0.1,0.1,0.1,0.1,0.1,0.1,0.1
0845080815,0.1,0.1,0.1,0.1,0.1,0.1,0.1,0.1,0.1
1629028726,0.1,0.1,0.1,0.1,0.1,0.1,0.1,0.1,0.1
0426663300,0.1,0.1,0.1,0.1,0.1,0.1,0.1,0.1,0.1
1003989484,0.1,0.1,0.1,0.1,0.1,0.1,0.1,0.1,0.1
1440646526,0.1,0.1,0.1,0.1,0.1,0.1,0.1,0.1,0.1
2043798288,0.1,0.1,0.1,0.1,0.1,0.1,0.1,0.1,0.1
0088394300,0.1,0.1,0.1,0.1,0.1,0.1,0.1,0.1,0.1
1038716768,0.1,0.1,0.1,0.1,0.1,0.1,0.1,0.1,0.1
1981823319,0.1,0.1,0.1,0.1,0.1,0.1,0.1,0.1,0.1
0839645598,0.1,0.1,0.1,0.1,0.1,0.1,0.1,0.1,0.1
1841952109,0.1,0.1,0.1,0.1,0.1,0.1,0.1,0.1,0.1
1499689431,0.1,0.1,0.1,0.1,0.1,0.1,0.1,0.1,0.1
0123149700,0.1,0.1,0.1,0.1,0.1,0.1,0.1,0.1,0.1
0300231843,0.1,0.1,0.1,0.1,0.1,0.1,0.1,0.1,0.1
1196662666,0.1,0.1,0.1,0.1,0.1,0.1,0.1,0.1,0.1
0772646690,0.1,0.1,0.1,0.1,0.1,0.1,0.1,0.1,0.1
0431826864,0.1,0.1,0.1,0.1,0.1,0.1,0.1,0.1,0.1
0377005126,0.1,0.1,0.1,0.1,0.1,0.1,0.1,0.1,0.1
0268200906,0.1,0.1,0.1,0.1,0.1,0.1,0.1,0.1,0.1
0079632919,0.1,0.1,0.1,0.1,0.1,0.1,0.1,0.1,0.1
1829735183,0.1,0.1,0.1,0.1,0.1,0.1,0.1,0.1,0.1
1781691376,0.1,0.1,0.1,0.1,0.1,0.1,0.1,0.1,0.1
0778854550,0.1,0.1,0.1,0.1,0.1,0.1,0.1,0.1,0.1
0965149226,0.1,0.1,0.1,0.1,0.1,0.1,0.1,0.1,0.1
1564725754,0.1,0.1,0.1,0.1,0.1,0.1,0.1,0.1,0.1
1104456062,0.1,0.1,0.1,0.1,0.1,0.1,0.1,0.1,0.1
0529912892,0.1,0.1,0.1,0.1,0.1,0.1,0.1,0.1,0.1
0713710570,0.1,0.1,0.1,0.1,0.1,0.1,0.1,0.1,0.1
1820534918,0.1,0.1,0.1,0.1,0.1,0.1,0.1,0.1,0.1
0701117622,0.1,0.1,0.1,0.1,0.1,0.1,0.1,0.1,0.1
1662000972,0.1,0.1,0.1,0.1,0.1,0.1,0.1,0.1,0.1
2079995874,0.1,0.1,0.1,0.1,0.1,0.1,0.1,0.1,0.1
1119319262,0.1,0.1,0.1,0.1,0.1,0.1,0.1,0.1,0.1
0191715258,0.1,0.1,0.1,0.1,0.1,0.1,0.1,0.1,0.1
0599409474,0.1,0.1,0.1,0.1,0.1,0.1,0.1,0.1,0.1
0206083459,0.1,0.1,0.1,0.1,0.1,0.1,0.1,0.1,0.1
1725247344,0.1,0.1,0.1,0.1,0.1,0.1,0.1,0.1,0.1
0841243456,0.1,0.1,0.1,0.1,0.1,0.1,0.1,0.1,0.1
1657354173,0.1,0.1,0.1,0.1,0.1,0.1,0.1,0.1,0.1
1618693230,0.1,0.1,0.1,0.1,0.1,0.1,0.1,0.1,0.1
0758953230,0.1,0.1,0.1,0.1,0.1,0.1,0.1,0.1,0.1
1433520558,0.1,0.1,0.1,0.1,0.1,0.1,0.1,0.1,0.1
0182759467,0.1,0.1,0.1,0.1,0.1,0.1,0.1,0.1,0.1
1389050511,0.1,0.1,0.1,0.1,0.1,0.1,0.1,0.1,0.1
0229704668,0.1,0.1,0.1,0.1,0.1,0.1,0.1,0.1,0.1
0127089727,0.1,0.1,0.1,0.1,0.1,0.1,0.1,0.1,0.1
1669908115,0.1,0.1,0.1,0.1,0.1,0.1,0.1,0.1,0.1
0310224254,0.1,0.1,0.1,0.1,0.1,0.1,0.1,0.1,0.1
1628408837,0.1,0.1,0.1,0.1,0.1,0.1,0.1,0.1,0.1
0078967548,0.1,0.1,0.1,0.1,0.1,0.1,0.1,0.1,0.1
0881753278,0.1,0.1,0.1,0.1,0.1,0.1,0.1,0.1,0.1
1923686586,0.1,0.1,0.1,0.1,0.1,0.1,0.1,0.1,0.1
0436256590,0.1,0.1,0.1,0.1,0.1,0.1,0.1,0.1,0.1
0823406504,0.1,0.1,0.1,0.1,0.1,0.1,0.1,0.1,0.1
1936967712,0.1,0.1,0.1,0.1,0.1,0.1,0.1,0.1,0.1
0139757461,0.1,0.1,0.1,0.1,0.1,0.1,0.1,0.1,0.1
1876227542,0.1,0.1,0.1,0.1,0.1,0.1,0.1,0.1,0.1
0708041369,0.1,0.1,0.1,0.1,0.1,0.1,0.1,0.1,0.1
1647254300,0.1,0.1,0.1,0.1,0.1,0.1,0.1,0.1,0.1
1307873906,0.1,0.1,0.1,0.1,0.1,0.1,0.1,0.1,0.1
1751759700,0.1,0.1,0.1,0.1,0.1,0.1,0.1,0.1,0.1
1221588920,0.1,0.1,0.1,0.1,0.1,0.1,0.1,0.1,0.1
1460853543,0.1,0.1,0.1,0.1,0.1,0.1,0.1,0.1,0.1
1693471498,0.1,0.1,0.1,0.1,0.1,0.1,0.1,0.1,0.1
1197115926,0.1,0.1,0.1,0.1,0.1,0.1,0.1,0.1,0.1
0619559396,0.1,0.1,0.1,0.1,0.1,0.1,0.1,0.1,0.1
2018008230,0.1,0.1,0.1,0.1,0.1,0.1,0.1,0.1,0.1
1787086735,0.1,0.1,0.1,0.1,0.1,0.1,0.1,0.1,0.1
1961284482,0.1,0.1,0.1,0.1,0.1,0.1,0.1,0.1,0.1
2099409412,0.1,0.1,0.1,0.1,0.1,0.1,0.1,0.1,0.1
0013554764,0.1,0.1,0.1,0.1,0.1,0.1,0.1,0.1,0.1
0941206232,0.1,0.1,0.1,0.1,0.1,0.1,0.1,0.1,0.1
1403948979,0.1,0.1,0.1,0.1,0.1,0.1,0.1,0.1,0.1
0232837941,0.1,0.1,0.1,0.1,0.1,0.1,0.1,0.1,0.1
0904187364,0.1,0.1,0.1,0.1,0.1,0.1,0.1,0.1,0.1
1419642957,0.1,0.1,0.1,0.1,0.1,0.1,0.1,0.1,0.1
1384521942,0.1,0.1,0.1,0.1,0.1,0.1,0.1,0.1,0.1
1018375299,0.1,0.1,0.1,0.1,0.1,0.1,0.1,0.1,0.1
1172604578,0.1,0.1,0.1,0.1,0.1,0.1,0.1,0.1,0.1
1407038579,0.1,0.1,0.1,0.1,0.1,0.1,0.1,0.1,0.1
0874234292,0.1,0.1,0.1,0.1,0.1,0.1,0.1,0.1,0.1
2129097906,0.1,0.1,0.1,0.1,0.1,0.1,0.1,0.1,0.1
1213418301,0.1,0.1,0.1,0.1,0.1,0.1,0.1,0.1,0.1
0936982731,0.1,0.1,0.1,0.1,0.1,0.1,0.1,0.1,0.1
1166911597,0.1,0.1,0.1,0.1,0.1,0.1,0.1,0.1,0.1
0598688110,0.1,0.1,0.1,0.1,0.1,0.1,0.1,0.1,0.1
0307480557,0.1,0.1,0.1,0.1,0.1,0.1,0.1,0.1,0.1
0017216368,0.1,0.1,0.1,0.1,0.1,0.1,0.1,0.1,0.1
0689658359,0.1,0.1,0.1,0.1,0.1,0.1,0.1,0.1,0.1
0855620423,0.1,0.1,0.1,0.1,0.1,0.1,0.1,0.1,0.1
1622242526,0.1,0.1,0.1,0.1,0.1,0.1,0.1,0.1,0.1
0296422692,0.1,0.1,0.1,0.1,0.1,0.1,0.1,0.1,0.1
2097213934,0.1,0.1,0.1,0.1,0.1,0.1,0.1,0.1,0.1
1940183245,0.1,0.1,0.1,0.1,0.1,0.1,0.1,0.1,0.1
1846528464,0.1,0.1,0.1,0.1,0.1,0.1,0.1,0.1,0.1
1793101624,0.1,0.1,0.1,0.1,0.1,0.1,0.1,0.1,0.1
1924644660,0.1,0.1,0.1,0.1,0.1,0.1,0.1,0.1,0.1
0448707017,0.1,0.1,0.1,0.1,0.1,0.1,0.1,0.1,0.1
1007727524,0.1,0.1,0.1,0.1,0.1,0.1,0.1,0.1,0.1
0052285838,0.1,0.1,0.1,0.1,0.1,0.1,0.1,0.1,0.1
0455906122,0.1,0.1,0.1,0.1,0.1,0.1,0.1,0.1,0.1
1412973730,0.1,0.1,0.1,0.1,0.1,0.1,0.1,0.1,0.1
1093035649,0.1,0.1,0.1,0.1,0.1,0.1,0.1,0.1,0.1
1384676855,0.1,0.1,0.1,0.1,0.1,0.1,0.1,0.1,0.1
2092373580,0.1,0.1,0.1,0.1,0.1,0.1,0.1,0.1,0.1
0420128196,0.1,0.1,0.1,0.1,0.1,0.1,0.1,0.1,0.1
1283188062,0.1,0.1,0.1,0.1,0.1,0.1,0.1,0.1,0.1
0401210237,0.1,0.1,0.1,0.1,0.1,0.1,0.1,0.1,0.1
0293546657,0.1,0.1,0.1,0.1,0.1,0.1,0.1,0.1,0.1
1408708619,0.1,0.1,0.1,0.1,0.1,0.1,0.1,0.1,0.1
0976942090,0.1,0.1,0.1,0.1,0.1,0.1,0.1,0.1,0.1
1104186119,0.1,0.1,0.1,0.1,0.1,0.1,0.1,0.1,0.1
0571093101,0.1,0.1,0.1,0.1,0.1,0.1,0.1,0.1,0.1
0562609927,0.1,0.1,0.1,0.1,0.1,0.1,0.1,0.1,0.1
2042066318,0.1,0.1,0.1,0.1,0.1,0.1,0.1,0.1,0.1
1664330883,0.1,0.1,0.1,0.1,0.1,0.1,0.1,0.1,0.1
1357847174,0.1,0.1,0.1,0.1,0.1,0.1,0.1,0.1,0.1
0419424168,0.1,0.1,0.1,0.1,0.1,0.1,0.1,0.1,0.1
0159129701,0.1,0.1,0.1,0.1,0.1,0.1,0.1,0.1,0.1
1871144815,0.1,0.1,0.1,0.1,0.1,0.1,0.1,0.1,0.1
0249660130,0.1,0.1,0.1,0.1,0.1,0.1,0.1,0.1,0.1
0115221269,0.1,0.1,0.1,0.1,0.1,0.1,0.1,0.1,0.1
1207078469,0.1,0.1,0.1,0.1,0.1,0.1,0.1,0.1,0.1
2049879179,0.1,0.1,0.1,0.1,0.1,0.1,0.1,0.1,0.1
0651981014,0.1,0.1,0.1,0.1,0.1,0.1,0.1,0.1,0.1
0256153171,0.1,0.1,0.1,0.1,0.1,0.1,0.1,0.1,0.1
2012791186,0.1,0.1,0.1,0.1,0.1,0.1,0.1,0.1,0.1
0817529101,0.1,0.1,0.1,0.1,0.1,0.1,0.1,0.1,0.1
1799565916,0.1,0.1,0.1,0.1,0.1,0.1,0.1,0.1,0.1
1074797204,0.1,0.1,0.1,0.1,0.1,0.1,0.1,0.1,0.1
2141689738,0.1,0.1,0.1,0.1,0.1,0.1,0.1,0.1,0.1
1319704504,0.1,0.1,0.1,0.1,0.1,0.1,0.1,0.1,0.1
1248469823,0.1,0.1,0.1,0.1,0.1,0.1,0.1,0.1,0.1
1408013579,0.1,0.1,0.1,0.1,0.1,0.1,0.1,0.1,0.1
0962900550,0.1,0.1,0.1,0.1,0.1,0.1,0.1,0.1,0.1
0837346591,0.1,0.1,0.1,0.1,0.1,0.1,0.1,0.1,0.1
1272266099,0.1,0.1,0.1,0.1,0.1,0.1,0.1,0.1,0.1
0217804712,0.1,0.1,0.1,0.1,0.1,0.1,0.1,0.1,0.1
1061265771,0.1,0.1,0.1,0.1,0.1,0.1,0.1,0.1,0.1
0482001436,0.1,0.1,0.1,0.1,0.1,0.1,0.1,0.1,0.1
0846788050,0.1,0.1,0.1,0.1,0.1,0.1,0.1,0.1,0.1
1118567324,0.1,0.1,0.1,0.1,0.1,0.1,0.1,0.1,0.1
0824637988,0.1,0.1,0.1,0.1,0.1,0.1,0.1,0.1,0.1
0691833776,0.1,0.1,0.1,0.1,0.1,0.1,0.1,0.1,0.1
1939912398,0.1,0.1,0.1,0.1,0.1,0.1,0.1,0.1,0.1
1876775521,0.1,0.1,0.1,0.1,0.1,0.1,0.1,0.1,0.1
0711724802,0.1,0.1,0.1,0.1,0.1,0.1,0.1,0.1,0.1
0757779770,0.1,0.1,0.1,0.1,0.1,0.1,0.1,0.1,0.1
0377651876,0.1,0.1,0.1,0.1,0.1,0.1,0.1,0.1,0.1
1007512335,0.1,0.1,0.1,0.1,0.1,0.1,0.1,0.1,0.1
1040581565,0.1,0.1,0.1,0.1,0.1,0.1,0.1,0.1,0.1
0730194469,0.1,0.1,0.1,0.1,0.1,0.1,0.1,0.1,0.1
1979143571,0.1,0.1,0.1,0.1,0.1,0.1,0.1,0.1,0.1
0169772681,0.1,0.1,0.1,0.1,0.1,0.1,0.1,0.1,0.1
1701159929,0.1,0.1,0.1,0.1,0.1,0.1,0.1,0.1,0.1
0481312817,0.1,0.1,0.1,0.1,0.1,0.1,0.1,0.1,0.1
1856830886,0.1,0.1,0.1,0.1,0.1,0.1,0.1,0.1,0.1
2090830240,0.1,0.1,0.1,0.1,0.1,0.1,0.1,0.1,0.1
1166647446,0.1,0.1,0.1,0.1,0.1,0.1,0.1,0.1,0.1
0291346569,0.1,0.1,0.1,0.1,0.1,0.1,0.1,0.1,0.1
1246064753,0.1,0.1,0.1,0.1,0.1,0.1,0.1,0.1,0.1
1155460792,0.1,0.1,0.1,0.1,0.1,0.1,0.1,0.1,0.1
0305720969,0.1,0.1,0.1,0.1,0.1,0.1,0.1,0.1,0.1
2124710737,0.1,0.1,0.1,0.1,0.1,0.1,0.1,0.1,0.1
0890754665,0.1,0.1,0.1,0.1,0.1,0.1,0.1,0.1,0.1
1060399506,0.1,0.1,0.1,0.1,0.1,0.1,0.1,0.1,0.1
0625933192,0.1,0.1,0.1,0.1,0.1,0.1,0.1,0.1,0.1
0947521076,0.1,0.1,0.1,0.1,0.1,0.1,0.1,0.1,0.1
1253905040,0.1,0.1,0.1,0.1,0.1,0.1,0.1,0.1,0.1
1942982432,0.1,0.1,0.1,0.1,0.1,0.1,0.1,0.1,0.1
0047987715,0.1,0.1,0.1,0.1,0.1,0.1,0.1,0.1,0.1
0148685054,0.1,0.1,0.1,0.1,0.1,0.1,0.1,0.1,0.1
0931577472,0.1,0.1,0.1,0.1,0.1,0.1,0.1,0.1,0.1
1490453972,0.1,0.1,0.1,0.1,0.1,0.1,0.1,0.1,0.1
1190609087,0.1,0.1,0.1,0.1,0.1,0.1,0.1,0.1,0.1
0702632156,0.1,0.1,0.1,0.1,0.1,0.1,0.1,0.1,0.1
1861141156,0.1,0.1,0.1,0.1,0.1,0.1,0.1,0.1,0.1
0493151932,0.1,0.1,0.1,0.1,0.1,0.1,0.1,0.1,0.1
1400853152,0.1,0.1,0.1,0.1,0.1,0.1,0.1,0.1,0.1
0964031500,0.1,0.1,0.1,0.1,0.1,0.1,0.1,0.1,0.1
2043735567,0.1,0.1,0.1,0.1,0.1,0.1,0.1,0.1,0.1
0354832607,0.1,0.1,0.1,0.1,0.1,0.1,0.1,0.1,0.1
1827751130,0.1,0.1,0.1,0.1,0.1,0.1,0.1,0.1,0.1
0873638533,0.1,0.1,0.1,0.1,0.1,0.1,0.1,0.1,0.1
1669655386,0.1,0.1,0.1,0.1,0.1,0.1,0.1,0.1,0.1
1023992505,0.1,0.1,0.1,0.1,0.1,0.1,0.1,0.1,0.1
1302857320,0.1,0.1,0.1,0.1,0.1,0.1,0.1,0.1,0.1
1253176747,0.1,0.1,0.1,0.1,0.1,0.1,0.1,0.1,0.1
0011191050,0.1,0.1,0.1,0.1,0.1,0.1,0.1,0.1,0.1
0664842449,0.1,0.1,0.1,0.1,0.1,0.1,0.1,0.1,0.1
1970098023,0.1,0.1,0.1,0.1,0.1,0.1,0.1,0.1,0.1
1370644341,0.1,0.1,0.1,0.1,0.1,0.1,0.1,0.1,0.1
0600539483,0.1,0.1,0.1,0.1,0.1,0.1,0.1,0.1,0.1
2113220084,0.1,0.1,0.1,0.1,0.1,0.1,0.1,0.1,0.1
0604377336,0.1,0.1,0.1,0.1,0.1,0.1,0.1,0.1,0.1
0154500920,0.1,0.1,0.1,0.1,0.1,0.1,0.1,0.1,0.1
1603966961,0.1,0.1,0.1,0.1,0.1,0.1,0.1,0.1,0.1
0443898267,0.1,0.1,0.1,0.1,0.1,0.1,0.1,0.1,0.1
1539482805,0.1,0.1,0.1,0.1,0.1,0.1,0.1,0.1,0.1
1849997370,0.1,0.1,0.1,0.1,0.1,0.1,0.1,0.1,0.1
0500818861,0.1,0.1,0.1,0.1,0.1,0.1,0.1,0.1,0.1
1008652750,0.1,0.1,0.1,0.1,0.1,0.1,0.1,0.1,0.1
1639889165,0.1,0.1,0.1,0.1,0.1,0.1,0.1,0.1,0.1
1882270763,0.1,0.1,0.1,0.1,0.1,0.1,0.1,0.1,0.1
2146648671,0.1,0.1,0.1,0.1,0.1,0.1,0.1,0.1,0.1
1757045165,0.1,0.1,0.1,0.1,0.1,0.1,0.1,0.1,0.1
0606913279,0.1,0.1,0.1,0.1,0.1,0.1,0.1,0.1,0.1
0151132824,0.1,0.1,0.1,0.1,0.1,0.1,0.1,0.1,0.1
1593170228,0.1,0.1,0.1,0.1,0.1,0.1,0.1,0.1,0.1
0975233172,0.1,0.1,0.1,0.1,0.1,0.1,0.1,0.1,0.1
0184364975,0.1,0.1,0.1,0.1,0.1,0.1,0.1,0.1,0.1
1190798184,0.1,0.1,0.1,0.1,0.1,0.1,0.1,0.1,0.1
0259782870,0.1,0.1,0.1,0.1,0.1,0.1,0.1,0.1,0.1
1032698920,0.1,0.1,0.1,0.1,0.1,0.1,0.1,0.1,0.1
0595763925,0.1,0.1,0.1,0.1,0.1,0.1,0.1,0.1,0.1
0653884400,0.1,0.1,0.1,0.1,0.1,0.1,0.1,0.1,0.1
0509931642,0.1,0.1,0.1,0.1,0.1,0.1,0.1,0.1,0.1
1418496893,0.1,0.1,0.1,0.1,0.1,0.1,0.1,0.1,0.1
0055643556,0.1,0.1,0.1,0.1,0.1,0.1,0.1,0.1,0.1
0870130874,0.1,0.1,0.1,0.1,0.1,0.1,0.1,0.1,0.1
0810760387,0.1,0.1,0.1,0.1,0.1,0.1,0.1,0.1,0.1
0589925932,0.1,0.1,0.1,0.1,0.1,0.1,0.1,0.1,0.1
0060617071,0.1,0.1,0.1,0.1,0.1,0.1,0.1,0.1,0.1
0218238976,0.1,0.1,0.1,0.1,0.1,0.1,0.1,0.1,0.1
1390741691,0.1,0.1,0.1,0.1,0.1,0.1,0.1,0.1,0.1
1472503733,0.1,0.1,0.1,0.1,0.1,0.1,0.1,0.1,0.1
0838518051,0.1,0.1,0.1,0.1,0.1,0.1,0.1,0.1,0.1
1932047772,0.1,0.1,0.1,0.1,0.1,0.1,0.1,0.1,0.1
0387337197,0.1,0.1,0.1,0.1,0.1,0.1,0.1,0.1,0.1
1648713672,0.1,0.1,0.1,0.1,0.1,0.1,0.1,0.1,0.1
0311928829,0.1,0.1,0.1,0.1,0.1,0.1,0.1,0.1,0.1
1014506020,0.1,0.1,0.1,0.1,0.1,0.1,0.1,0.1,0.1
0624873241,0.1,0.1,0.1,0.1,0.1,0.1,0.1,0.1,0.1
1015499264,0.1,0.1,0.1,0.1,0.1,0.1,0.1,0.1,0.1
0001416626,0.1,0.1,0.1,0.1,0.1,0.1,0.1,0.1,0.1
0551592294,0.1,0.1,0.1,0.1,0.1,0.1,0.1,0.1,0.1
1653321864,0.1,0.1,0.1,0.1,0.1,0.1,0.1,0.1,0.1
0923520687,0.1,0.1,0.1,0.1,0.1,0.1,0.1,0.1,0.1
2052533391,0.1,0.1,0.1,0.1,0.1,0.1,0.1,0.1,0.1
0805215225,0.1,0.1,0.1,0.1,0.1,0.1,0.1,0.1,0.1
0292753929,0.1,0.1,0.1,0.1,0.1,0.1,0.1,0.1,0.1
2143417790,0.1,0.1,0.1,0.1,0.1,0.1,0.1,0.1,0.1
0047081897,0.1,0.1,0.1,0.1,0.1,0.1,0.1,0.1,0.1
1988762883,0.1,0.1,0.1,0.1,0.1,0.1,0.1,0.1,0.1
0000054571,0.1,0.1,0.1,0.1,0.1,0.1,0.1,0.1,0.1
1892666779,0.1,0.1,0.1,0.1,0.1,0.1,0.1,0.1,0.1
1037705530,0.1,0.1,0.1,0.1,0.1,0.1,0.1,0.1,0.1
0336012470,0.1,0.1,0.1,0.1,0.1,0.1,0.1,0.1,0.1
1017529554,0.1,0.1,0.1,0.1,0.1,0.1,0.1,0.1,0.1
0908619692,0.1,0.1,0.1,0.1,0.1,0.1,0.1,0.1,0.1
0551508113,0.1,0.1,0.1,0.1,0.1,0.1,0.1,0.1,0.1
0796161422,0.1,0.1,0.1,0.1,0.1,0.1,0.1,0.1,0.1
0361742328,0.1,0.1,0.1,0.1,0.1,0.1,0.1,0.1,0.1
1441764252,0.1,0.1,0.1,0.1,0.1,0.1,0.1,0.1,0.1
1575586035,0.1,0.1,0.1,0.1,0.1,0.1,0.1,0.1,0.1
0777963628,0.1,0.1,0.1,0.1,0.1,0.1,0.1,0.1,0.1
1842344783,0.1,0.1,0.1,0.1,0.1,0.1,0.1,0.1,0.1
0419908904,0.1,0.1,0.1,0.1,0.1,0.1,0.1,0.1,0.1
0326572182,0.1,0.1,0.1,0.1,0.1,0.1,0.1,0.1,0.1
1746478193,0.1,0.1,0.1,0.1,0.1,0.1,0.1,0.1,0.1
0849229315,0.1,0.1,0.1,0.1,0.1,0.1,0.1,0.1,0.1
1583586435,0.1,0.1,0.1,0.1,0.1,0.1,0.1,0.1,0.1
0732758966,0.1,0.1,0.1,0.1,0.1,0.1,0.1,0.1,0.1
2025001915,0.1,0.1,0.1,0.1,0.1,0.1,0.1,0.1,0.1
2065608153,0.1,0.1,0.1,0.1,0.1,0.1,0.1,0.1,0.1
0968725972,0.1,0.1,0.1,0.1,0.1,0.1,0.1,0.1,0.1
1379293636,0.1,0.1,0.1,0.1,0.1,0.1,0.1,0.1,0.1
1316788704,0.1,0.1,0.1,0.1,0.1,0.1,0.1,0.1,0.1
0170412628,0.1,0.1,0.1,0.1,0.1,0.1,0.1,0.1,0.1
0402556051,0.1,0.1,0.1,0.1,0.1,0.1,0.1,0.1,0.1
0970304143,0.1,0.1,0.1,0.1,0.1,0.1,0.1,0.1,0.1
1670140122,0.1,0.1,0.1,0.1,0.1,0.1,0.1,0.1,0.1
0427061460,0.1,0.1,0.1,0.1,0.1,0.1,0.1,0.1,0.1
0823916624,0.1,0.1,0.1,0.1,0.1,0.1,0.1,0.1,0.1
0799317693,0.1,0.1,0.1,0.1,0.1,0.1,0.1,0.1,0.1
0503539006,0.1,0.1,0.1,0.1,0.1,0.1,0.1,0.1,0.1
1718222327,0.1,0.1,0.1,0.1,0.1,0.1,0.1,0.1,0.1
0834524290,0.1,0.1,0.1,0.1,0.1,0.1,0.1,0.1,0.1
0006268174,0.1,0.1,0.1,0.1,0.1,0.1,0.1,0.1,0.1
1442915126,0.1,0.1,0.1,0.1,0.1,0.1,0.1,0.1,0.1
0814267253,0.1,0.1,0.1,0.1,0.1,0.1,0.1,0.1,0.1
1581428803,0.1,0.1,0.1,0.1,0.1,0.1,0.1,0.1,0.1
2027208495,0.1,0.1,0.1,0.1,0.1,0.1,0.1,0.1,0.1
0759495090,0.1,0.1,0.1,0.1,0.1,0.1,0.1,0.1,0.1
0412878460,0.1,0.1,0.1,0.1,0.1,0.1,0.1,0.1,0.1
0003035029,0.1,0.1,0.1,0.1,0.1,0.1,0.1,0.1,0.1
0380013988,0.1,0.1,0.1,0.1,0.1,0.1,0.1,0.1,0.1
1715886512,0.1,0.1,0.1,0.1,0.1,0.1,0.1,0.1,0.1
2111624513,0.1,0.1,0.1,0.1,0.1,0.1,0.1,0.1,0.1
1770660989,0.1,0.1,0.1,0.1,0.1,0.1,0.1,0.1,0.1
0079438524,0.1,0.1,0.1,0.1,0.1,0.1,0.1,0.1,0.1
1546707644,0.1,0.1,0.1,0.1,0.1,0.1,0.1,0.1,0.1
1819276545,0.1,0.1,0.1,0.1,0.1,0.1,0.1,0.1,0.1
2061087180,0.1,0.1,0.1,0.1,0.1,0.1,0.1,0.1,0.1
1592362663,0.1,0.1,0.1,0.1,0.1,0.1,0.1,0.1,0.1
1895890043,0.1,0.1,0.1,0.1,0.1,0.1,0.1,0.1,0.1
0922398105,0.1,0.1,0.1,0.1,0.1,0.1,0.1,0.1,0.1
1217767188,0.1,0.1,0.1,0.1,0.1,0.1,0.1,0.1,0.1
0327421209,0.1,0.1,0.1,0.1,0.1,0.1,0.1,0.1,0.1
0819172634,0.1,0.1,0.1,0.1,0.1,0.1,0.1,0.1,0.1
2070825197,0.1,0.1,0.1,0.1,0.1,0.1,0.1,0.1,0.1
1761001739,0.1,0.1,0.1,0.1,0.1,0.1,0.1,0.1,0.1
1965172205,0.1,0.1,0.1,0.1,0.1,0.1,0.1,0.1,0.1
0429820073,0.1,0.1,0.1,0.1,0.1,0.1,0.1,0.1,0.1
0462590416,0.1,0.1,0.1,0.1,0.1,0.1,0.1,0.1,0.1
1670661529,0.1,0.1,0.1,0.1,0.1,0.1,0.1,0.1,0.1
0251239503,0.1,0.1,0.1,0.1,0.1,0.1,0.1,0.1,0.1
1435185056,0.1,0.1,0.1,0.1,0.1,0.1,0.1,0.1,0.1
1967443059,0.1,0.1,0.1,0.1,0.1,0.1,0.1,0.1,0.1
1892312984,0.1,0.1,0.1,0.1,0.1,0.1,0.1,0.1,0.1
0309699544,0.1,0.1,0.1,0.1,0.1,0.1,0.1,0.1,0.1
0730182383,0.1,0.1,0.1,0.1,0.1,0.1,0.1,0.1,0.1
0415092399,0.1,0.1,0.1,0.1,0.1,0.1,0.1,0.1,0.1
1814589581,0.1,0.1,0.1,0.1,0.1,0.1,0.1,0.1,0.1
1815707795,0.1,0.1,0.1,0.1,0.1,0.1,0.1,0.1,0.1
0697162164,0.1,0.1,0.1,0.1,0.1,0.1,0.1,0.1,0.1
2080015847,0.1,0.1,0.1,0.1,0.1,0.1,0.1,0.1,0.1
1001679113,0.1,0.1,0.1,0.1,0.1,0.1,0.1,0.1,0.1
0934981620,0.1,0.1,0.1,0.1,0.1,0.1,0.1,0.1,0.1
1329000221,0.1,0.1,0.1,0.1,0.1,0.1,0.1,0.1,0.1
1220793397,0.1,0.1,0.1,0.1,0.1,0.1,0.1,0.1,0.1
0716519034,0.1,0.1,0.1,0.1,0.1,0.1,0.1,0.1,0.1
1671171649,0.1,0.1,0.1,0.1,0.1,0.1,0.1,0.1,0.1
0521408053,0.1,0.1,0.1,0.1,0.1,0.1,0.1,0.1,0.1
0916529868,0.1,0.1,0.1,0.1,0.1,0.1,0.1,0.1,0.1
0903961813,0.1,0.1,0.1,0.1,0.1,0.1,0.1,0.1,0.1
0479551819,0.1,0.1,0.1,0.1,0.1,0.1,0.1,0.1,0.1
0408704876,0.1,0.1,0.1,0.1,0.1,0.1,0.1,0.1,0.1
1238986281,0.1,0.1,0.1,0.1,0.1,0.1,0.1,0.1,0.1
0856401233,0.1,0.1,0.1,0.1,0.1,0.1,0.1,0.1,0.1
0966660342,0.1,0.1,0.1,0.1,0.1,0.1,0.1,0.1,0.1
1393005969,0.1,0.1,0.1,0.1,0.1,0.1,0.1,0.1,0.1
0186307040,0.1,0.1,0.1,0.1,0.1,0.1,0.1,0.1,0.1
0328398211,0.1,0.1,0.1,0.1,0.1,0.1,0.1,0.1,0.1
1968299740,0.1,0.1,0.1,0.1,0.1,0.1,0.1,0.1,0.1
2079485754,0.1,0.1,0.1,0.1,0.1,0.1,0.1,0.1,0.1
1317564350,0.1,0.1,0.1,0.1,0.1,0.1,0.1,0.1,0.1
1131876510,0.1,0.1,0.1,0.1,0.1,0.1,0.1,0.1,0.1
1532538369,0.1,0.1,0.1,0.1,0.1,0.1,0.1,0.1,0.1
1993502821,0.1,0.1,0.1,0.1,0.1,0.1,0.1,0.1,0.1
0892675885,0.1,0.1,0.1,0.1,0.1,0.1,0.1,0.1,0.1
1171656789,0.1,0.1,0.1,0.1,0.1,0.1,0.1,0.1,0.1
1208196195,0.1,0.1,0.1,0.1,0.1,0.1,0.1,0.1,0.1
0399415400,0.1,0.1,0.1,0.1,0.1,0.1,0.1,0.1,0.1
0357384554,0.1,0.1,0.1,0.1,0.1,0.1,0.1,0.1,0.1
1563873553,0.1,0.1,0.1,0.1,0.1,0.1,0.1,0.1,0.1
1860849546,0.1,0.1,0.1,0.1,0.1,0.1,0.1,0.1,0.1
0746079911,0.1,0.1,0.1,0.1,0.1,0.1,0.1,0.1,0.1
0010842572,0.1,0.1,0.1,0.1,0.1,0.1,0.1,0.1,0.1
0583325293,0.1,0.1,0.1,0.1,0.1,0.1,0.1,0.1,0.1
0150797959,0.1,0.1,0.1,0.1,0.1,0.1,0.1,0.1,0.1
0856051425,0.1,0.1,0.1,0.1,0.1,0.1,0.1,0.1,0.1
1656182713,0.1,0.1,0.1,0.1,0.1,0.1,0.1,0.1,0.1
1305874774,0.1,0.1,0.1,0.1,0.1,0.1,0.1,0.1,0.1
0302553335,0.1,0.1,0.1,0.1,0.1,0.1,0.1,0.1,0.1
0963907452,0.1,0.1,0.1,0.1,0.1,0.1,0.1,0.1,0.1
1556534126,0.1,0.1,0.1,0.1,0.1,0.1,0.1,0.1,0.1
1608946253,0.1,0.1,0.1,0.1,0.1,0.1,0.1,0.1,0.1
1358425377,0.1,0.1,0.1,0.1,0.1,0.1,0.1,0.1,0.1
1398399543,0.1,0.1,0.1,0.1,0.1,0.1,0.1,0.1,0.1
1227526086,0.1,0.1,0.1,0.1,0.1,0.1,0.1,0.1,0.1
0232116577,0.1,0.1,0.1,0.1,0.1,0.1,0.1,0.1,0.1
0078320798,0.1,0.1,0.1,0.1,0.1,0.1,0.1,0.1,0.1
1598297508,0.1,0.1,0.1,0.1,0.1,0.1,0.1,0.1,0.1
0413996186,0.1,0.1,0.1,0.1,0.1,0.1,0.1,0.1,0.1
0094714781,0.1,0.1,0.1,0.1,0.1,0.1,0.1,0.1,0.1
2104738196,0.1,0.1,0.1,0.1,0.1,0.1,0.1,0.1,0.1
0600848443,0.1,0.1,0.1,0.1,0.1,0.1,0.1,0.1,0.1
2032298235,0.1,0.1,0.1,0.1,0.1,0.1,0.1,0.1,0.1
2054624229,0.1,0.1,0.1,0.1,0.1,0.1,0.1,0.1,0.1
1105441661,0.1,0.1,0.1,0.1,0.1,0.1,0.1,0.1,0.1
0818093409,0.1,0.1,0.1,0.1,0.1,0.1,0.1,0.1,0.1
1871772634,0.1,0.1,0.1,0.1,0.1,0.1,0.1,0.1,0.1
0190585249,0.1,0.1,0.1,0.1,0.1,0.1,0.1,0.1,0.1
1383899034,0.1,0.1,0.1,0.1,0.1,0.1,0.1,0.1,0.1
1619364492,0.1,0.1,0.1,0.1,0.1,0.1,0.1,0.1,0.1
0490722085,0.1,0.1,0.1,0.1,0.1,0.1,0.1,0.1,0.1
1514265886,0.1,0.1,0.1,0.1,0.1,0.1,0.1,0.1,0.1
1392305136,0.1,0.1,0.1,0.1,0.1,0.1,0.1,0.1,0.1
0416433652,0.1,0.1,0.1,0.1,0.1,0.1,0.1,0.1,0.1
0535198357,0.1,0.1,0.1,0.1,0.1,0.1,0.1,0.1,0.1
0908513077,0.1,0.1,0.1,0.1,0.1,0.1,0.1,0.1,0.1
0773960840,0.1,0.1,0.1,0.1,0.1,0.1,0.1,0.1,0.1
1010818732,0.1,0.1,0.1,0.1,0.1,0.1,0.1,0.1,0.1
0444188854,0.1,0.1,0.1,0.1,0.1,0.1,0.1,0.1,0.1
0662290502,0.1,0.1,0.1,0.1,0.1,0.1,0.1,0.1,0.1
1067752146,0.1,0.1,0.1,0.1,0.1,0.1,0.1,0.1,0.1
0739707926,0.1,0.1,0.1,0.1,0.1,0.1,0.1,0.1,0.1
0722933669,0.1,0.1,0.1,0.1,0.1,0.1,0.1,0.1,0.1
1140801830,0.1,0.1,0.1,0.1,0.1,0.1,0.1,0.1,0.1
0015169625,0.1,0.1,0.1,0.1,0.1,0.1,0.1,0.1,0.1
0941533296,0.1,0.1,0.1,0.1,0.1,0.1,0.1,0.1,0.1
1883555369,0.1,0.1,0.1,0.1,0.1,0.1,0.1,0.1,0.1
1833464730,0.1,0.1,0.1,0.1,0.1,0.1,0.1,0.1,0.1
0706258272,0.1,0.1,0.1,0.1,0.1,0.1,0.1,0.1,0.1
1232740849,0.1,0.1,0.1,0.1,0.1,0.1,0.1,0.1,0.1
2031066751,0.1,0.1,0.1,0.1,0.1,0.1,0.1,0.1,0.1
0702264511,0.1,0.1,0.1,0.1,0.1,0.1,0.1,0.1,0.1
1259115934,0.1,0.1,0.1,0.1,0.1,0.1,0.1,0.1,0.1
1737824446,0.1,0.1,0.1,0.1,0.1,0.1,0.1,0.1,0.1
0220271636,0.1,0.1,0.1,0.1,0.1,0.1,0.1,0.1,0.1
0964462502,0.1,0.1,0.1,0.1,0.1,0.1,0.1,0.1,0.1
0745519195,0.1,0.1,0.1,0.1,0.1,0.1,0.1,0.1,0.1
0331499404,0.1,0.1,0.1,0.1,0.1,0.1,0.1,0.1,0.1
1855076320,0.1,0.1,0.1,0.1,0.1,0.1,0.1,0.1,0.1
1393985338,0.1,0.1,0.1,0.1,0.1,0.1,0.1,0.1,0.1
1137351448,0.1,0.1,0.1,0.1,0.1,0.1,0.1,0.1,0.1
1160667032,0.1,0.1,0.1,0.1,0.1,0.1,0.1,0.1,0.1
1724407026,0.1,0.1,0.1,0.1,0.1,0.1,0.1,0.1,0.1
0098706227,0.1,0.1,0.1,0.1,0.1,0.1,0.1,0.1,0.1
1021881116,0.1,0.1,0.1,0.1,0.1,0.1,0.1,0.1,0.1
1142227723,0.1,0.1,0.1,0.1,0.1,0.1,0.1,0.1,0.1
2105987501,0.1,0.1,0.1,0.1,0.1,0.1,0.1,0.1,0.1
0755426701,0.1,0.1,0.1,0.1,0.1,0.1,0.1,0.1,0.1
0236111731,0.1,0.1,0.1,0.1,0.1,0.1,0.1,0.1,0.1
1623474010,0.1,0.1,0.1,0.1,0.1,0.1,0.1,0.1,0.1
1209565267,0.1,0.1,0.1,0.1,0.1,0.1,0.1,0.1,0.1
0462125871,0.1,0.1,0.1,0.1,0.1,0.1,0.1,0.1,0.1
0048788258,0.1,0.1,0.1,0.1,0.1,0.1,0.1,0.1,0.1
1771098022,0.1,0.1,0.1,0.1,0.1,0.1,0.1,0.1,0.1
0249694524,0.1,0.1,0.1,0.1,0.1,0.1,0.1,0.1,0.1
0641662166,0.1,0.1,0.1,0.1,0.1,0.1,0.1,0.1,0.1
0365851833,0.1,0.1,0.1,0.1,0.1,0.1,0.1,0.1,0.1
1307062287,0.1,0.1,0.1,0.1,0.1,0.1,0.1,0.1,0.1
1125333982,0.1,0.1,0.1,0.1,0.1,0.1,0.1,0.1,0.1
1354209708,0.1,0.1,0.1,0.1,0.1,0.1,0.1,0.1,0.1
0957453411,0.1,0.1,0.1,0.1,0.1,0.1,0.1,0.1,0.1
1487065818,0.1,0.1,0.1,0.1,0.1,0.1,0.1,0.1,0.1
1219584612,0.1,0.1,0.1,0.1,0.1,0.1,0.1,0.1,0.1
1216078840,0.1,0.1,0.1,0.1,0.1,0.1,0.1,0.1,0.1
0027060684,0.1,0.1,0.1,0.1,0.1,0.1,0.1,0.1,0.1
0944109879,0.1,0.1,0.1,0.1,0.1,0.1,0.1,0.1,0.1
0044640704,0.1,0.1,0.1,0.1,0.1,0.1,0.1,0.1,0.1
0115924861,0.1,0.1,0.1,0.1,0.1,0.1,0.1,0.1,0.1
1666278416,0.1,0.1,0.1,0.1,0.1,0.1,0.1,0.1,0.1
1414830941,0.1,0.1,0.1,0.1,0.1,0.1,0.1,0.1,0.1
1811003248,0.1,0.1,0.1,0.1,0.1,0.1,0.1,0.1,0.1
0986237766,0.1,0.1,0.1,0.1,0.1,0.1,0.1,0.1,0.1
0767357412,0.1,0.1,0.1,0.1,0.1,0.1,0.1,0.1,0.1
0019479881,0.1,0.1,0.1,0.1,0.1,0.1,0.1,0.1,0.1
1231564213,0.1,0.1,0.1,0.1,0.1,0.1,0.1,0.1,0.1
1491319830,0.1,0.1,0.1,0.1,0.1,0.1,0.1,0.1,0.1
1989305239,0.1,0.1,0.1,0.1,0.1,0.1,0.1,0.1,0.1
1703848244,0.1,0.1,0.1,0.1,0.1,0.1,0.1,0.1,0.1
2143002543,0.1,0.1,0.1,0.1,0.1,0.1,0.1,0.1,0.1
0415813763,0.1,0.1,0.1,0.1,0.1,0.1,0.1,0.1,0.1
1050486391,0.1,0.1,0.1,0.1,0.1,0.1,0.1,0.1,0.1
0179126935,0.1,0.1,0.1,0.1,0.1,0.1,0.1,0.1,0.1
0210735171,0.1,0.1,0.1,0.1,0.1,0.1,0.1,0.1,0.1
1152884209,0.1,0.1,0.1,0.1,0.1,0.1,0.1,0.1,0.1
0506749091,0.1,0.1,0.1,0.1,0.1,0.1,0.1,0.1,0.1
2027058708,0.1,0.1,0.1,0.1,0.1,0.1,0.1,0.1,0.1
0285919601,0.1,0.1,0.1,0.1,0.1,0.1,0.1,0.1,0.1
0077114459,0.1,0.1,0.1,0.1,0.1,0.1,0.1,0.1,0.1
0350670865,0.1,0.1,0.1,0.1,0.1,0.1,0.1,0.1,0.1
1214649785,0.1,0.1,0.1,0.1,0.1,0.1,0.1,0.1,0.1
0304467383,0.1,0.1,0.1,0.1,0.1,0.1,0.1,0.1,0.1
0472582885,0.1,0.1,0.1,0.1,0.1,0.1,0.1,0.1,0.1
0198089054,0.1,0.1,0.1,0.1,0.1,0.1,0.1,0.1,0.1
1855205029,0.1,0.1,0.1,0.1,0.1,0.1,0.1,0.1,0.1
1003773088,0.1,0.1,0.1,0.1,0.1,0.1,0.1,0.1,0.1
0192358057,0.1,0.1,0.1,0.1,0.1,0.1,0.1,0.1,0.1
0524118005,0.1,0.1,0.1,0.1,0.1,0.1,0.1,0.1,0.1
1548256372,0.1,0.1,0.1,0.1,0.1,0.1,0.1,0.1,0.1
1553037604,0.1,0.1,0.1,0.1,0.1,0.1,0.1,0.1,0.1
0827365855,0.1,0.1,0.1,0.1,0.1,0.1,0.1,0.1,0.1
1990253028,0.1,0.1,0.1,0.1,0.1,0.1,0.1,0.1,0.1
0136528665,0.1,0.1,0.1,0.1,0.1,0.1,0.1,0.1,0.1
1546653910,0.1,0.1,0.1,0.1,0.1,0.1,0.1,0.1,0.1
1285426817,0.1,0.1,0.1,0.1,0.1,0.1,0.1,0.1,0.1
1683572821,0.1,0.1,0.1,0.1,0.1,0.1,0.1,0.1,0.1
0409337054,0.1,0.1,0.1,0.1,0.1,0.1,0.1,0.1,0.1
1439794325,0.1,0.1,0.1,0.1,0.1,0.1,0.1,0.1,0.1
2093490527,0.1,0.1,0.1,0.1,0.1,0.1,0.1,0.1,0.1
1026582635,0.1,0.1,0.1,0.1,0.1,0.1,0.1,0.1,0.1
1429605126,0.1,0.1,0.1,0.1,0.1,0.1,0.1,0.1,0.1
2145108540,0.1,0.1,0.1,0.1,0.1,0.1,0.1,0.1,0.1
1377998359,0.1,0.1,0.1,0.1,0.1,0.1,0.1,0.1,0.1
0401214798,0.1,0.1,0.1,0.1,0.1,0.1,0.1,0.1,0.1
1438296567,0.1,0.1,0.1,0.1,0.1,0.1,0.1,0.1,0.1
1528143487,0.1,0.1,0.1,0.1,0.1,0.1,0.1,0.1,0.1
0854594167,0.1,0.1,0.1,0.1,0.1,0.1,0.1,0.1,0.1
1501833939,0.1,0.1,0.1,0.1,0.1,0.1,0.1,0.1,0.1
0710412681,0.1,0.1,0.1,0.1,0.1,0.1,0.1,0.1,0.1
0228995070,0.1,0.1,0.1,0.1,0.1,0.1,0.1,0.1,0.1
0777657954,0.1,0.1,0.1,0.1,0.1,0.1,0.1,0.1,0.1
1219483137,0.1,0.1,0.1,0.1,0.1,0.1,0.1,0.1,0.1
1064139926,0.1,0.1,0.1,0.1,0.1,0.1,0.1,0.1,0.1
0381881455,0.1,0.1,0.1,0.1,0.1,0.1,0.1,0.1,0.1
1582418578,0.1,0.1,0.1,0.1,0.1,0.1,0.1,0.1,0.1
1399664544,0.1,0.1,0.1,0.1,0.1,0.1,0.1,0.1,0.1
2112624977,0.1,0.1,0.1,0.1,0.1,0.1,0.1,0.1,0.1
1616679680,0.1,0.1,0.1,0.1,0.1,0.1,0.1,0.1,0.1
0447096964,0.1,0.1,0.1,0.1,0.1,0.1,0.1,0.1,0.1
0091202422,0.1,0.1,0.1,0.1,0.1,0.1,0.1,0.1,0.1
0900029903,0.1,0.1,0.1,0.1,0.1,0.1,0.1,0.1,0.1
1413997500,0.1,0.1,0.1,0.1,0.1,0.1,0.1,0.1,0.1
0547602317,0.1,0.1,0.1,0.1,0.1,0.1,0.1,0.1,0.1
0314109444,0.1,0.1,0.1,0.1,0.1,0.1,0.1,0.1,0.1
1975513872,0.1,0.1,0.1,0.1,0.1,0.1,0.1,0.1,0.1
0217108967,0.1,0.1,0.1,0.1,0.1,0.1,0.1,0.1,0.1
1663445164,0.1,0.1,0.1,0.1,0.1,0.1,0.1,0.1,0.1
1459310616,0.1,0.1,0.1,0.1,0.1,0.1,0.1,0.1,0.1
1770218821,0.1,0.1,0.1,0.1,0.1,0.1,0.1,0.1,0.1
0962800338,0.1,0.1,0.1,0.1,0.1,0.1,0.1,0.1,0.1
0328747599,0.1,0.1,0.1,0.1,0.1,0.1,0.1,0.1,0.1
0940936050,0.1,0.1,0.1,0.1,0.1,0.1,0.1,0.1,0.1
1579004837,0.1,0.1,0.1,0.1,0.1,0.1,0.1,0.1,0.1
1944780477,0.1,0.1,0.1,0.1,0.1,0.1,0.1,0.1,0.1
1423330245,0.1,0.1,0.1,0.1,0.1,0.1,0.1,0.1,0.1
1269118083,0.1,0.1,0.1,0.1,0.1,0.1,0.1,0.1,0.1
1746381285,0.1,0.1,0.1,0.1,0.1,0.1,0.1,0.1,0.1
0529787153,0.1,0.1,0.1,0.1,0.1,0.1,0.1,0.1,0.1
0392595691,0.1,0.1,0.1,0.1,0.1,0.1,0.1,0.1,0.1
1994966722,0.1,0.1,0.1,0.1,0.1,0.1,0.1,0.1,0.1
1002056593,0.1,0.1,0.1,0.1,0.1,0.1,0.1,0.1,0.1
1346222513,0.1,0.1,0.1,0.1,0.1,0.1,0.1,0.1,0.1
0836915589,0.1,0.1,0.1,0.1,0.1,0.1,0.1,0.1,0.1
1132563234,0.1,0.1,0.1,0.1,0.1,0.1,0.1,0.1,0.1
0863313621,0.1,0.1,0.1,0.1,0.1,0.1,0.1,0.1,0.1
1039934815,0.1,0.1,0.1,0.1,0.1,0.1,0.1,0.1,0.1
1216755270,0.1,0.1,0.1,0.1,0.1,0.1,0.1,0.1,0.1
1193707672,0.1,0.1,0.1,0.1,0.1,0.1,0.1,0.1,0.1
0485811251,0.1,0.1,0.1,0.1,0.1,0.1,0.1,0.1,0.1
1174786455,0.1,0.1,0.1,0.1,0.1,0.1,0.1,0.1,0.1
2009961112,0.1,0.1,0.1,0.1,0.1,0.1,0.1,0.1,0.1
1044510423,0.1,0.1,0.1,0.1,0.1,0.1,0.1,0.1,0.1
0444698974,0.1,0.1,0.1,0.1,0.1,0.1,0.1,0.1,0.1
1259831884,0.1,0.1,0.1,0.1,0.1,0.1,0.1,0.1,0.1
1608747258,0.1,0.1,0.1,0.1,0.1,0.1,0.1,0.1,0.1
2006919890,0.1,0.1,0.1,0.1,0.1,0.1,0.1,0.1,0.1
1985606522,0.1,0.1,0.1,0.1,0.1,0.1,0.1,0.1,0.1
0681324972,0.1,0.1,0.1,0.1,0.1,0.1,0.1,0.1,0.1
1672204456,0.1,0.1,0.1,0.1,0.1,0.1,0.1,0.1,0.1
0181505881,0.1,0.1,0.1,0.1,0.1,0.1,0.1,0.1,0.1
0394330882,0.1,0.1,0.1,0.1,0.1,0.1,0.1,0.1,0.1
1700494558,0.1,0.1,0.1,0.1,0.1,0.1,0.1,0.1,0.1
1643725407,0.1,0.1,0.1,0.1,0.1,0.1,0.1,0.1,0.1
0853013079,0.1,0.1,0.1,0.1,0.1,0.1,0.1,0.1,0.1
1195142736,0.1,0.1,0.1,0.1,0.1,0.1,0.1,0.1,0.1
0593232368,0.1,0.1,0.1,0.1,0.1,0.1,0.1,0.1,0.1
1034757417,0.1,0.1,0.1,0.1,0.1,0.1,0.1,0.1,0.1
1321753292,0.1,0.1,0.1,0.1,0.1,0.1,0.1,0.1,0.1
0373459596,0.1,0.1,0.1,0.1,0.1,0.1,0.1,0.1,0.1
1832154470,0.1,0.1,0.1,0.1,0.1,0.1,0.1,0.1,0.1
0093954227,0.1,0.1,0.1,0.1,0.1,0.1,0.1,0.1,0.1
2115586091,0.1,0.1,0.1,0.1,0.1,0.1,0.1,0.1,0.1
0857067644,0.1,0.1,0.1,0.1,0.1,0.1,0.1,0.1,0.1
0469824272,0.1,0.1,0.1,0.1,0.1,0.1,0.1,0.1,0.1
0619872029,0.1,0.1,0.1,0.1,0.1,0.1,0.1,0.1,0.1
0878230801,0.1,0.1,0.1,0.1,0.1,0.1,0.1,0.1,0.1
0577387806,0.1,0.1,0.1,0.1,0.1,0.1,0.1,0.1,0.1
1904822411,0.1,0.1,0.1,0.1,0.1,0.1,0.1,0.1,0.1
1411121797,0.1,0.1,0.1,0.1,0.1,0.1,0.1,0.1,0.1
0004160606,0.1,0.1,0.1,0.1,0.1,0.1,0.1,0.1,0.1
1619714097,0.1,0.1,0.1,0.1,0.1,0.1,0.1,0.1,0.1
1417245436,0.1,0.1,0.1,0.1,0.1,0.1,0.1,0.1,0.1
0233448665,0.1,0.1,0.1,0.1,0.1,0.1,0.1,0.1,0.1
1113254426,0.1,0.1,0.1,0.1,0.1,0.1,0.1,0.1,0.1
1160707006,0.1,0.1,0.1,0.1,0.1,0.1,0.1,0.1,0.1
1819705043,0.1,0.1,0.1,0.1,0.1,0.1,0.1,0.1,0.1
1657294048,0.1,0.1,0.1,0.1,0.1,0.1,0.1,0.1,0.1
1909215378,0.1,0.1,0.1,0.1,0.1,0.1,0.1,0.1,0.1
1309138261,0.1,0.1,0.1,0.1,0.1,0.1,0.1,0.1,0.1
0552942334,0.1,0.1,0.1,0.1,0.1,0.1,0.1,0.1,0.1
0310057140,0.1,0.1,0.1,0.1,0.1,0.1,0.1,0.1,0.1
1221152290,0.1,0.1,0.1,0.1,0.1,0.1,0.1,0.1,0.1
0410302584,0.1,0.1,0.1,0.1,0.1,0.1,0.1,0.1,0.1
1667074863,0.1,0.1,0.1,0.1,0.1,0.1,0.1,0.1,0.1
0712169774,0.1,0.1,0.1,0.1,0.1,0.1,0.1,0.1,0.1
0379478185,0.1,0.1,0.1,0.1,0.1,0.1,0.1,0.1,0.1
0623351286,0.1,0.1,0.1,0.1,0.1,0.1,0.1,0.1,0.1
1978365666,0.1,0.1,0.1,0.1,0.1,0.1,0.1,0.1,0.1
0062378488,0.1,0.1,0.1,0.1,0.1,0.1,0.1,0.1,0.1
1739494400,0.1,0.1,0.1,0.1,0.1,0.1,0.1,0.1,0.1
0171196469,0.1,0.1,0.1,0.1,0.1,0.1,0.1,0.1,0.1
0655919282,0.1,0.1,0.1,0.1,0.1,0.1,0.1,0.1,0.1
1827321118,0.1,0.1,0.1,0.1,0.1,0.1,0.1,0.1,0.1
0978298381,0.1,0.1,0.1,0.1,0.1,0.1,0.1,0.1,0.1
2051452658,0.1,0.1,0.1,0.1,0.1,0.1,0.1,0.1,0.1
1476131070,0.1,0.1,0.1,0.1,0.1,0.1,0.1,0.1,0.1
1828467182,0.1,0.1,0.1,0.1,0.1,0.1,0.1,0.1,0.1
0708294098,0.1,0.1,0.1,0.1,0.1,0.1,0.1,0.1,0.1
1485863065,0.1,0.1,0.1,0.1,0.1,0.1,0.1,0.1,0.1
0605681795,0.1,0.1,0.1,0.1,0.1,0.1,0.1,0.1,0.1
1971175775,0.1,0.1,0.1,0.1,0.1,0.1,0.1,0.1,0.1
2001077856,0.1,0.1,0.1,0.1,0.1,0.1,0.1,0.1,0.1
0108592382,0.1,0.1,0.1,0.1,0.1,0.1,0.1,0.1,0.1
0770080983,0.1,0.1,0.1,0.1,0.1,0.1,0.1,0.1,0.1
1111456381,0.1,0.1,0.1,0.1,0.1,0.1,0.1,0.1,0.1
1534823673,0.1,0.1,0.1,0.1,0.1,0.1,0.1,0.1,0.1
0025737597,0.1,0.1,0.1,0.1,0.1,0.1,0.1,0.1,0.1
1379670228,0.1,0.1,0.1,0.1,0.1,0.1,0.1,0.1,0.1
1634974063,0.1,0.1,0.1,0.1,0.1,0.1,0.1,0.1,0.1
0567953926,0.1,0.1,0.1,0.1,0.1,0.1,0.1,0.1,0.1
0283480168,0.1,0.1,0.1,0.1,0.1,0.1,0.1,0.1,0.1
1437704239,0.1,0.1,0.1,0.1,0.1,0.1,0.1,0.1,0.1
0818216922,0.1,0.1,0.1,0.1,0.1,0.1,0.1,0.1,0.1
0120148491,0.1,0.1,0.1,0.1,0.1,0.1,0.1,0.1,0.1
0899235529,0.1,0.1,0.1,0.1,0.1,0.1,0.1,0.1,0.1
0985311753,0.1,0.1,0.1,0.1,0.1,0.1,0.1,0.1,0.1
1019000696,0.1,0.1,0.1,0.1,0.1,0.1,0.1,0.1,0.1
2061337493,0.1,0.1,0.1,0.1,0.1,0.1,0.1,0.1,0.1
1411710693,0.1,0.1,0.1,0.1,0.1,0.1,0.1,0.1,0.1
0903540614,0.1,0.1,0.1,0.1,0.1,0.1,0.1,0.1,0.1
0624628733,0.1,0.1,0.1,0.1,0.1,0.1,0.1,0.1,0.1
0576763391,0.1,0.1,0.1,0.1,0.1,0.1,0.1,0.1,0.1
1046882711,0.1,0.1,0.1,0.1,0.1,0.1,0.1,0.1,0.1
1429129456,0.1,0.1,0.1,0.1,0.1,0.1,0.1,0.1,0.1
0876540051,0.1,0.1,0.1,0.1,0.1,0.1,0.1,0.1,0.1
0249690220,0.1,0.1,0.1,0.1,0.1,0.1,0.1,0.1,0.1
0249639727,0.1,0.1,0.1,0.1,0.1,0.1,0.1,0.1,0.1
1220204501,0.1,0.1,0.1,0.1,0.1,0.1,0.1,0.1,0.1
0854987433,0.1,0.1,0.1,0.1,0.1,0.1,0.1,0.1,0.1
1247098647,0.1,0.1,0.1,0.1,0.1,0.1,0.1,0.1,0.1
0027369644,0.1,0.1,0.1,0.1,0.1,0.1,0.1,0.1,0.1
0197975263,0.1,0.1,0.1,0.1,0.1,0.1,0.1,0.1,0.1
1279103059,0.1,0.1,0.1,0.1,0.1,0.1,0.1,0.1,0.1
1092758023,0.1,0.1,0.1,0.1,0.1,0.1,0.1,0.1,0.1
1632613261,0.1,0.1,0.1,0.1,0.1,0.1,0.1,0.1,0.1
0292879577,0.1,0.1,0.1,0.1,0.1,0.1,0.1,0.1,0.1
0518831470,0.1,0.1,0.1,0.1,0.1,0.1,0.1,0.1,0.1
0751449425,0.1,0.1,0.1,0.1,0.1,0.1,0.1,0.1,0.1
1767249602,0.1,0.1,0.1,0.1,0.1,0.1,0.1,0.1,0.1
1641054954,0.1,0.1,0.1,0.1,0.1,0.1,0.1,0.1,0.1
0715924014,0.1,0.1,0.1,0.1,0.1,0.1,0.1,0.1,0.1
1013899855,0.1,0.1,0.1,0.1,0.1,0.1,0.1,0.1,0.1
0430821373,0.1,0.1,0.1,0.1,0.1,0.1,0.1,0.1,0.1
0201638935,0.1,0.1,0.1,0.1,0.1,0.1,0.1,0.1,0.1
1075530230,0.1,0.1,0.1,0.1,0.1,0.1,0.1,0.1,0.1
1793501080,0.1,0.1,0.1,0.1,0.1,0.1,0.1,0.1,0.1
0221906091,0.1,0.1,0.1,0.1,0.1,0.1,0.1,0.1,0.1
1930338825,0.1,0.1,0.1,0.1,0.1,0.1,0.1,0.1,0.1
1608408277,0.1,0.1,0.1,0.1,0.1,0.1,0.1,0.1,0.1
1882337186,0.1,0.1,0.1,0.1,0.1,0.1,0.1,0.1,0.1
1236139345,0.1,0.1,0.1,0.1,0.1,0.1,0.1,0.1,0.1
1119863990,0.1,0.1,0.1,0.1,0.1,0.1,0.1,0.1,0.1
0870166255,0.1,0.1,0.1,0.1,0.1,0.1,0.1,0.1,0.1
1088919300,0.1,0.1,0.1,0.1,0.1,0.1,0.1,0.1,0.1
0825452817,0.1,0.1,0.1,0.1,0.1,0.1,0.1,0.1,0.1
1261837304,0.1,0.1,0.1,0.1,0.1,0.1,0.1,0.1,0.1
0241762398,0.1,0.1,0.1,0.1,0.1,0.1,0.1,0.1,0.1
0026942770,0.1,0.1,0.1,0.1,0.1,0.1,0.1,0.1,0.1
1190569113,0.1,0.1,0.1,0.1,0.1,0.1,0.1,0.1,0.1
1558182441,0.1,0.1,0.1,0.1,0.1,0.1,0.1,0.1,0.1
0117396686,0.1,0.1,0.1,0.1,0.1,0.1,0.1,0.1,0.1
0853523199,0.1,0.1,0.1,0.1,0.1,0.1,0.1,0.1,0.1
1877496331,0.1,0.1,0.1,0.1,0.1,0.1,0.1,0.1,0.1
0701831147,0.1,0.1,0.1,0.1,0.1,0.1,0.1,0.1,0.1
1051138229,0.1,0.1,0.1,0.1,0.1,0.1,0.1,0.1,0.1
1831065010,0.1,0.1,0.1,0.1,0.1,0.1,0.1,0.1,0.1
0944215107,0.1,0.1,0.1,0.1,0.1,0.1,0.1,0.1,0.1
1555451372,0.1,0.1,0.1,0.1,0.1,0.1,0.1,0.1,0.1
1064743507,0.1,0.1,0.1,0.1,0.1,0.1,0.1,0.1,0.1
0854291855,0.1,0.1,0.1,0.1,0.1,0.1,0.1,0.1,0.1
0886199794,0.1,0.1,0.1,0.1,0.1,0.1,0.1,0.1,0.1
0476804650,0.1,0.1,0.1,0.1,0.1,0.1,0.1,0.1,0.1
1197780192,0.1,0.1,0.1,0.1,0.1,0.1,0.1,0.1,0.1
1043492706,0.1,0.1,0.1,0.1,0.1,0.1,0.1,0.1,0.1
1947786506,0.1,0.1,0.1,0.1,0.1,0.1,0.1,0.1,0.1
1114535602,0.1,0.1,0.1,0.1,0.1,0.1,0.1,0.1,0.1
0035180413,0.1,0.1,0.1,0.1,0.1,0.1,0.1,0.1,0.1
0996600035,0.1,0.1,0.1,0.1,0.1,0.1,0.1,0.1,0.1
0540098512,0.1,0.1,0.1,0.1,0.1,0.1,0.1,0.1,0.1
0981917466,0.1,0.1,0.1,0.1,0.1,0.1,0.1,0.1,0.1
1488768705,0.1,0.1,0.1,0.1,0.1,0.1,0.1,0.1,0.1
1931382401,0.1,0.1,0.1,0.1,0.1,0.1,0.1,0.1,0.1
0762561002,0.1,0.1,0.1,0.1,0.1,0.1,0.1,0.1,0.1
0395269461,0.1,0.1,0.1,0.1,0.1,0.1,0.1,0.1,0.1
1941926645,0.1,0.1,0.1,0.1,0.1,0.1,0.1,0.1,0.1
1730575732,0.1,0.1,0.1,0.1,0.1,0.1,0.1,0.1,0.1
1423324943,0.1,0.1,0.1,0.1,0.1,0.1,0.1,0.1,0.1
0929702698,0.1,0.1,0.1,0.1,0.1,0.1,0.1,0.1,0.1
1284626035,0.1,0.1,0.1,0.1,0.1,0.1,0.1,0.1,0.1
0334925014,0.1,0.1,0.1,0.1,0.1,0.1,0.1,0.1,0.1
1437438030,0.1,0.1,0.1,0.1,0.1,0.1,0.1,0.1,0.1
1400658757,0.1,0.1,0.1,0.1,0.1,0.1,0.1,0.1,0.1
0750583567,0.1,0.1,0.1,0.1,0.1,0.1,0.1,0.1,0.1
0505937881,0.1,0.1,0.1,0.1,0.1,0.1,0.1,0.1,0.1
1443963398,0.1,0.1,0.1,0.1,0.1,0.1,0.1,0.1,0.1
0287793211,0.1,0.1,0.1,0.1,0.1,0.1,0.1,0.1,0.1
0241600119,0.1,0.1,0.1,0.1,0.1,0.1,0.1,0.1,0.1
1552245038,0.1,0.1,0.1,0.1,0.1,0.1,0.1,0.1,0.1
1633706062,0.1,0.1,0.1,0.1,0.1,0.1,0.1,0.1,0.1
1383718399,0.1,0.1,0.1,0.1,0.1,0.1,0.1,0.1,0.1
0450724301,0.1,0.1,0.1,0.1,0.1,0.1,0.1,0.1,0.1
0654739627,0.1,0.1,0.1,0.1,0.1,0.1,0.1,0.1,0.1
1583002922,0.1,0.1,0.1,0.1,0.1,0.1,0.1,0.1,0.1
0765421851,0.1,0.1,0.1,0.1,0.1,0.1,0.1,0.1,0.1
1964145331,0.1,0.1,0.1,0.1,0.1,0.1,0.1,0.1,0.1
0240885059,0.1,0.1,0.1,0.1,0.1,0.1,0.1,0.1,0.1
0447462644,0.1,0.1,0.1,0.1,0.1,0.1,0.1,0.1,0.1
2052549632,0.1,0.1,0.1,0.1,0.1,0.1,0.1,0.1,0.1
1534158207,0.1,0.1,0.1,0.1,0.1,0.1,0.1,0.1,0.1
1340894125,0.1,0.1,0.1,0.1,0.1,0.1,0.1,0.1,0.1
1352846807,0.1,0.1,0.1,0.1,0.1,0.1,0.1,0.1,0.1
2033066891,0.1,0.1,0.1,0.1,0.1,0.1,0.1,0.1,0.1
0027432365,0.1,0.1,0.1,0.1,0.1,0.1,0.1,0.1,0.1
2061615721,0.1,0.1,0.1,0.1,0.1,0.1,0.1,0.1,0.1
0293807931,0.1,0.1,0.1,0.1,0.1,0.1,0.1,0.1,0.1
1830715405,0.1,0.1,0.1,0.1,0.1,0.1,0.1,0.1,0.1
1950104272,0.1,0.1,0.1,0.1,0.1,0.1,0.1,0.1,0.1
1509897219,0.1,0.1,0.1,0.1,0.1,0.1,0.1,0.1,0.1
1005404357,0.1,0.1,0.1,0.1,0.1,0.1,0.1,0.1,0.1
0851082930,0.1,0.1,0.1,0.1,0.1,0.1,0.1,0.1,0.1
0960197391,0.1,0.1,0.1,0.1,0.1,0.1,0.1,0.1,0.1
0880338092,0.1,0.1,0.1,0.1,0.1,0.1,0.1,0.1,0.1
1200359780,0.1,0.1,0.1,0.1,0.1,0.1,0.1,0.1,0.1
0630017109,0.1,0.1,0.1,0.1,0.1,0.1,0.1,0.1,0.1
1342935475,0.1,0.1,0.1,0.1,0.1,0.1,0.1,0.1,0.1
1478154542,0.1,0.1,0.1,0.1,0.1,0.1,0.1,0.1,0.1
1088560441,0.1,0.1,0.1,0.1,0.1,0.1,0.1,0.1,0.1
1452316931,0.1,0.1,0.1,0.1,0.1,0.1,0.1,0.1,0.1
1747307165,0.1,0.1,0.1,0.1,0.1,0.1,0.1,0.1,0.1
0143595744,0.1,0.1,0.1,0.1,0.1,0.1,0.1,0.1,0.1
1913155798,0.1,0.1,0.1,0.1,0.1,0.1,0.1,0.1,0.1
1522078651,0.1,0.1,0.1,0.1,0.1,0.1,0.1,0.1,0.1
0012974147,0.1,0.1,0.1,0.1,0.1,0.1,0.1,0.1,0.1
1295024019,0.1,0.1,0.1,0.1,0.1,0.1,0.1,0.1,0.1
0045665171,0.1,0.1,0.1,0.1,0.1,0.1,0.1,0.1,0.1
0444468790,0.1,0.1,0.1,0.1,0.1,0.1,0.1,0.1,0.1
1481970798,0.1,0.1,0.1,0.1,0.1,0.1,0.1,0.1,0.1
1941362594,0.1,0.1,0.1,0.1,0.1,0.1,0.1,0.1,0.1
2116173324,0.1,0.1,0.1,0.1,0.1,0.1,0.1,0.1,0.1
1537237428,0.1,0.1,0.1,0.1,0.1,0.1,0.1,0.1,0.1
1701804885,0.1,0.1,0.1,0.1,0.1,0.1,0.1,0.1,0.1
1480661374,0.1,0.1,0.1,0.1,0.1,0.1,0.1,0.1,0.1
0207857137,0.1,0.1,0.1,0.1,0.1,0.1,0.1,0.1,0.1
1217069072,0.1,0.1,0.1,0.1,0.1,0.1,0.1,0.1,0.1
1711681545,0.1,0.1,0.1,0.1,0.1,0.1,0.1,0.1,0.1
1721564495,0.1,0.1,0.1,0.1,0.1,0.1,0.1,0.1,0.1
0794433010,0.1,0.1,0.1,0.1,0.1,0.1,0.1,0.1,0.1
0274460338,0.1,0.1,0.1,0.1,0.1,0.1,0.1,0.1,0.1
1654439590,0.1,0.1,0.1,0.1,0.1,0.1,0.1,0.1,0.1
1262347424,0.1,0.1,0.1,0.1,0.1,0.1,0.1,0.1,0.1
1112774604,0.1,0.1,0.1,0.1,0.1,0.1,0.1,0.1,0.1
1664256936,0.1,0.1,0.1,0.1,0.1,0.1,0.1,0.1,0.1
2138835906,0.1,0.1,0.1,0.1,0.1,0.1,0.1,0.1,0.1
1232230729,0.1,0.1,0.1,0.1,0.1,0.1,0.1,0.1,0.1
0848589979,0.1,0.1,0.1,0.1,0.1,0.1,0.1,0.1,0.1
